Year,GEO.id,FIPS_Code,County,featureId,Estimate_SEX_AND_AGE_Total_population,Margin_of_Error_SEX_AND_AGE_Total_population,Estimate_SEX_AND_AGE_Male,Margin_of_Error_SEX_AND_AGE_Male,Estimate_SEX_AND_AGE_Female,Margin_of_Error_SEX_AND_AGE_Female,Estimate_SEX_AND_AGE_Under_5_years,Margin_of_Error_SEX_AND_AGE_Under_5_years,Estimate_SEX_AND_AGE_5_to_9_years,Margin_of_Error_SEX_AND_AGE_5_to_9_years,Estimate_SEX_AND_AGE_10_to_14_years,Margin_of_Error_SEX_AND_AGE_10_to_14_years,Estimate_SEX_AND_AGE_15_to_19_years,Margin_of_Error_SEX_AND_AGE_15_to_19_years,Estimate_SEX_AND_AGE_20_to_24_years,Margin_of_Error_SEX_AND_AGE_20_to_24_years,Estimate_SEX_AND_AGE_25_to_34_years,Margin_of_Error_SEX_AND_AGE_25_to_34_years,Estimate_SEX_AND_AGE_35_to_44_years,Margin_of_Error_SEX_AND_AGE_35_to_44_years,Estimate_SEX_AND_AGE_45_to_54_years,Margin_of_Error_SEX_AND_AGE_45_to_54_years,Estimate_SEX_AND_AGE_55_to_59_years,Margin_of_Error_SEX_AND_AGE_55_to_59_years,Estimate_SEX_AND_AGE_60_to_64_years,Margin_of_Error_SEX_AND_AGE_60_to_64_years,Estimate_SEX_AND_AGE_65_to_74_years,Margin_of_Error_SEX_AND_AGE_65_to_74_years,Estimate_SEX_AND_AGE_75_to_84_years,Margin_of_Error_SEX_AND_AGE_75_to_84_years,Estimate_SEX_AND_AGE_85_years_and_over,Margin_of_Error_SEX_AND_AGE_85_years_and_over,Estimate_SEX_AND_AGE_Median_age_years,Margin_of_Error_SEX_AND_AGE_Median_age_years,Estimate_SEX_AND_AGE_18_years_and_over,Margin_of_Error_SEX_AND_AGE_18_years_and_over,Estimate_SEX_AND_AGE_21_years_and_over,Margin_of_Error_SEX_AND_AGE_21_years_and_over,Estimate_SEX_AND_AGE_62_years_and_over,Margin_of_Error_SEX_AND_AGE_62_years_and_over,Estimate_SEX_AND_AGE_65_years_and_over,Margin_of_Error_SEX_AND_AGE_65_years_and_over,Estimate_SEX_AND_AGE_Male_18_Years_and_over,Margin_of_Error_SEX_AND_AGE_Male_18_Years_and_over,Estimate_SEX_AND_AGE_Female_18_Years_and_over,Margin_of_Error_SEX_AND_AGE_Female_18_Years_and_over,Estimate_SEX_AND_AGE_Male_65_Years_and_over,Margin_of_Error_SEX_AND_AGE_Male_65_Years_and_over,Estimate_SEX_AND_AGE_Female_65_Years_and_over,Margin_of_Error_SEX_AND_AGE_Female_65_Years_and_over,Estimate_RACE_Total_population,Margin_of_Error_RACE_Total_population,Estimate_RACE_One_race,Margin_of_Error_RACE_One_race,Estimate_RACE_Two_or_more_races,Margin_of_Error_RACE_Two_or_more_races,Estimate_RACE_One_race_White,Margin_of_Error_RACE_One_race_White,Estimate_RACE_One_race_Black_or_African_American,Margin_of_Error_RACE_One_race_Black_or_African_American,Estimate_RACE_One_race_American_Indian_and_Alaska_Native,Margin_of_Error_RACE_One_race_American_Indian_and_Alaska_Native,Estimate_RACE_One_race_American_Indian_and_Alaska_Native_Cherokee_tribal_grouping,Margin_of_Error_RACE_One_race_American_Indian_and_Alaska_Native_Cherokee_tribal_grouping,Estimate_RACE_One_race_American_Indian_and_Alaska_Native_Chippewa_tribal_grouping,Margin_of_Error_RACE_One_race_American_Indian_and_Alaska_Native_Chippewa_tribal_grouping,Estimate_RACE_One_race_American_Indian_and_Alaska_Native_Navajo_tribal_grouping,Margin_of_Error_RACE_One_race_American_Indian_and_Alaska_Native_Navajo_tribal_grouping,Estimate_RACE_One_race_American_Indian_and_Alaska_Native_Sioux_tribal_grouping,Margin_of_Error_RACE_One_race_American_Indian_and_Alaska_Native_Sioux_tribal_grouping,Estimate_RACE_One_race_Asian,Margin_of_Error_RACE_One_race_Asian,Estimate_RACE_One_race_Asian_Asian_Indian,Margin_of_Error_RACE_One_race_Asian_Asian_Indian,Estimate_RACE_One_race_Asian_Chinese,Margin_of_Error_RACE_One_race_Asian_Chinese,Estimate_RACE_One_race_Asian_Filipino,Margin_of_Error_RACE_One_race_Asian_Filipino,Estimate_RACE_One_race_Asian_Japanese,Margin_of_Error_RACE_One_race_Asian_Japanese,Estimate_RACE_One_race_Asian_Korean,Margin_of_Error_RACE_One_race_Asian_Korean,Estimate_RACE_One_race_Asian_Vietnamese,Margin_of_Error_RACE_One_race_Asian_Vietnamese,Estimate_RACE_One_race_Asian_Other_Asian,Margin_of_Error_RACE_One_race_Asian_Other_Asian,Estimate_RACE_One_race_Native_Hawaiian_and_Other_Pacific_Islander,Margin_of_Error_RACE_One_race_Native_Hawaiian_and_Other_Pacific_Islander,Estimate_RACE_One_race_Native_Hawaiian_and_Other_Pacific_Islander_Native_Hawaiian,Margin_of_Error_RACE_One_race_Native_Hawaiian_and_Other_Pacific_Islander_Native_Hawaiian,Estimate_RACE_One_race_Native_Hawaiian_and_Other_Pacific_Islander_Guamanian_or_Chamorro,Margin_of_Error_RACE_One_race_Native_Hawaiian_and_Other_Pacific_Islander_Guamanian_or_Chamorro,Estimate_RACE_One_race_Native_Hawaiian_and_Other_Pacific_Islander_Samoan,Margin_of_Error_RACE_One_race_Native_Hawaiian_and_Other_Pacific_Islander_Samoan,Estimate_RACE_One_race_Native_Hawaiian_and_Other_Pacific_Islander_Other_Pacific_Islander,Margin_of_Error_RACE_One_race_Native_Hawaiian_and_Other_Pacific_Islander_Other_Pacific_Islander,Estimate_RACE_One_race_Some_other_race,Margin_of_Error_RACE_One_race_Some_other_race,Estimate_RACE_Two_or_more_races_White_and_Black_or_African_American,Margin_of_Error_RACE_Two_or_more_races_White_and_Black_or_African_American,Estimate_RACE_Two_or_more_races_White_and_American_Indian_and_Alaska_Native,Margin_of_Error_RACE_Two_or_more_races_White_and_American_Indian_and_Alaska_Native,Estimate_RACE_Two_or_more_races_White_and_Asian,Margin_of_Error_RACE_Two_or_more_races_White_and_Asian,Estimate_RACE_Two_or_more_races_Black_or_African_American_and_American_Indian_and_Alaska_Native,Margin_of_Error_RACE_Two_or_more_races_Black_or_African_American_and_American_Indian_and_Alaska_Native,Estimate_RACE_Race_alone_or_in_combination_with_one_or_more_other_races_Total_population,Margin_of_Error_RACE_Race_alone_or_in_combination_with_one_or_more_other_races_Total_population,Estimate_RACE_White,Margin_of_Error_RACE_White,Estimate_RACE_Black_or_African_American,Margin_of_Error_RACE_Black_or_African_American,Estimate_RACE_American_Indian_and_Alaska_Native,Margin_of_Error_RACE_American_Indian_and_Alaska_Native,Estimate_RACE_Asian,Margin_of_Error_RACE_Asian,Estimate_RACE_Native_Hawaiian_and_Other_Pacific_Islander,Margin_of_Error_RACE_Native_Hawaiian_and_Other_Pacific_Islander,Estimate_RACE_Some_other_race,Margin_of_Error_RACE_Some_other_race,Estimate_HISPANIC_OR_LATINO_AND_RACE_Total_population,Margin_of_Error_HISPANIC_OR_LATINO_AND_RACE_Total_population,Estimate_HISPANIC_OR_LATINO_AND_RACE_Hispanic_or_Latino_of_any_race,Margin_of_Error_HISPANIC_OR_LATINO_AND_RACE_Hispanic_or_Latino_of_any_race,Estimate_HISPANIC_OR_LATINO_AND_RACE_Hispanic_or_Latino_of_any_race_Mexican,Margin_of_Error_HISPANIC_OR_LATINO_AND_RACE_Hispanic_or_Latino_of_any_race_Mexican,Estimate_HISPANIC_OR_LATINO_AND_RACE_Hispanic_or_Latino_of_any_race_Puerto_Rican,Margin_of_Error_HISPANIC_OR_LATINO_AND_RACE_Hispanic_or_Latino_of_any_race_Puerto_Rican,Estimate_HISPANIC_OR_LATINO_AND_RACE_Hispanic_or_Latino_of_any_race_Cuban,Margin_of_Error_HISPANIC_OR_LATINO_AND_RACE_Hispanic_or_Latino_of_any_race_Cuban,Estimate_HISPANIC_OR_LATINO_AND_RACE_Hispanic_or_Latino_of_any_race_Other_Hispanic_or_Latino,Margin_of_Error_HISPANIC_OR_LATINO_AND_RACE_Hispanic_or_Latino_of_any_race_Other_Hispanic_or_Latino,Estimate_HISPANIC_OR_LATINO_AND_RACE_Not_Hispanic_or_Latino,Margin_of_Error_HISPANIC_OR_LATINO_AND_RACE_Not_Hispanic_or_Latino,Estimate_HISPANIC_OR_LATINO_AND_RACE_Not_Hispanic_or_Latino_White_alone,Margin_of_Error_HISPANIC_OR_LATINO_AND_RACE_Not_Hispanic_or_Latino_White_alone,Estimate_HISPANIC_OR_LATINO_AND_RACE_Not_Hispanic_or_Latino_Black_or_African_American_alone,Margin_of_Error_HISPANIC_OR_LATINO_AND_RACE_Not_Hispanic_or_Latino_Black_or_African_American_alone,Estimate_HISPANIC_OR_LATINO_AND_RACE_Not_Hispanic_or_Latino_American_Indian_and_Alaska_Native_alone,Margin_of_Error_HISPANIC_OR_LATINO_AND_RACE_Not_Hispanic_or_Latino_American_Indian_and_Alaska_Native_alone,Estimate_HISPANIC_OR_LATINO_AND_RACE_Not_Hispanic_or_Latino_Asian_alone,Margin_of_Error_HISPANIC_OR_LATINO_AND_RACE_Not_Hispanic_or_Latino_Asian_alone,Estimate_HISPANIC_OR_LATINO_AND_RACE_Not_Hispanic_or_Latino_Native_Hawaiian_and_Other_Pacific_Islander_alone,Margin_of_Error_HISPANIC_OR_LATINO_AND_RACE_Not_Hispanic_or_Latino_Native_Hawaiian_and_Other_Pacific_Islander_alone,Estimate_HISPANIC_OR_LATINO_AND_RACE_Not_Hispanic_or_Latino_Some_other_race_alone,Margin_of_Error_HISPANIC_OR_LATINO_AND_RACE_Not_Hispanic_or_Latino_Some_other_race_alone,Estimate_HISPANIC_OR_LATINO_AND_RACE_Not_Hispanic_or_Latino_Two_or_more_races,Margin_of_Error_HISPANIC_OR_LATINO_AND_RACE_Not_Hispanic_or_Latino_Two_or_more_races,Estimate_HISPANIC_OR_LATINO_AND_RACE_Not_Hispanic_or_Latino_Two_or_more_races_Two_races_including_Some_other_race,Margin_of_Error_HISPANIC_OR_LATINO_AND_RACE_Not_Hispanic_or_Latino_Two_or_more_races_Two_races_including_Some_other_race,"Estimate_HISPANIC_OR_LATINO_AND_RACE_Not_Hispanic_or_Latino_Two_or_more_races_Two_races_excluding_Some_other_race,_and_Three_or_more_races","Margin_of_Error_HISPANIC_OR_LATINO_AND_RACE_Not_Hispanic_or_Latino_Two_or_more_races_Two_races_excluding_Some_other_race,_and_Three_or_more_races",Estimate_HISPANIC_OR_LATINO_AND_RACE_Total_housing_units,Margin_of_Error_HISPANIC_OR_LATINO_AND_RACE_Total_housing_units
2010,0500000US06001,1,Alameda County,Alameda,1477980,,725077,181,752903,181,97935,,93220,1508,89699,1508,99098,121,103068,121,225654,,229646,,218276,,91162,1230,70529,1230,83851,47,52762,1195,23080,1197,36.2,0.2,1139062,,1075451,1305,198328,1191,159693,,551286,,587776,,67519,,92174,,1477980,,1408560,2849,69420,2849,677040,4537,186492,1406,7497,915,566,169,85,82,107,70,276,128,383891,1613,67936,3225,141778,3222,82850,2596,12968,1144,19753,1551,29464,2173,29142,2450,12069,405,2148,608,1380,350,2936,787,5605,714,141571,4924,8684,1031,7139,591,19974,1250,3661,689,1477980,,730054,5150,208983,1237,24107,1542,416276,1002,18642,934,157966,4862,1477980,,323307,,245236,3141,11107,1264,2217,557,64747,3124,1154673,,519461,785,183122,1248,4074,399,380906,1591,11871,388,6729,1140,48510,2070,2761,488,45749,1999,577538,1123
2010,0500000US06003,3,Alpine County,Alpine,1176,177,666,117,510,104,111,39,94,39,39,24,109,51,73,47,46,28,191,84,257,75,88,42,52,23,80,35,32,26,4,7,40.9,3.8,869,144,808,138,149,45,116,39,520,102,349,79,77,34,39,19,1176,177,1123,177,53,43,758,157,0,132,277,50,0,132,0,132,0,132,0,132,48,10,0,132,25,21,0,132,0,132,0,132,23,23,0,132,0,132,0,132,0,132,0,132,0,132,40,48,4,7,42,41,0,132,0,132,1176,177,811,168,4,7,319,25,48,10,0,132,47,51,1176,177,63,54,21,18,0,132,0,132,42,48,1113,165,746,160,0,132,273,49,48,10,0,132,0,132,46,42,0,132,46,42,1794,66
2010,0500000US06005,5,Amador County,Amador,38327,,20781,141,17546,141,1305,124,1638,210,2266,229,2366,141,1555,118,3506,220,4968,201,6683,216,3828,292,2823,266,4045,66,2481,243,863,231,47.2,0.4,31630,49,30379,168,8705,217,7389,70,17418,83,14212,72,3520,50,3869,54,38327,,36886,304,1441,304,33641,299,714,145,574,195,49,52,17,29,0,132,24,30,428,59,0,132,30,49,139,66,113,59,0,132,63,52,83,58,119,130,95,128,9,14,0,132,15,18,1410,220,11,20,904,232,220,146,8,14,38327,,35066,304,744,143,1497,203,648,132,194,156,1630,337,38327,,4566,,3560,216,129,88,0,132,877,219,33761,,30784,46,705,142,563,193,428,59,112,130,43,46,1126,231,17,29,1109,227,17823,162
2010,0500000US06007,7,Butte County,Butte,218635,,108175,63,110460,63,12231,49,12236,540,13375,535,18192,99,23868,104,24859,123,24039,133,29558,127,14503,571,12699,574,16376,105,11284,398,5415,399,37.2,0.2,171968,,156791,736,40421,525,33075,68,84261,18,87707,18,14324,15,18751,64,218635,,207120,811,11515,811,182022,1132,3220,257,2869,409,287,108,24,25,61,54,61,52,8690,394,1027,425,1315,385,1053,309,658,312,321,179,552,315,3764,619,481,60,167,52,125,66,56,46,133,90,9838,998,1152,240,5136,366,1876,420,116,71,218635,,192857,1160,4850,206,8715,419,11163,223,974,156,12240,1053,218635,,29512,,24788,649,736,235,123,83,3865,613,189123,,166463,150,3012,237,2050,246,8658,399,481,60,243,155,8216,535,231,116,7985,541,95139,380
2010,0500000US06009,9,Calaveras County,Calaveras,45994,,22978,112,23016,112,1905,46,2200,301,3046,323,2949,163,2023,172,3490,154,4946,211,8110,217,3920,390,4193,411,5417,168,2534,253,1261,241,48.5,0.5,36771,88,35368,281,11807,405,9212,232,18195,104,18576,85,4412,126,4800,145,45994,,44779,287,1215,287,42099,287,467,36,777,188,79,78,0,132,211,149,15,30,631,80,15,24,0,132,240,280,196,120,0,132,21,34,159,167,18,25,12,19,0,132,6,11,0,132,787,214,19,36,665,163,108,80,37,51,45994,,43198,284,557,56,1560,134,771,35,68,69,1089,288,45994,,4595,,3900,217,31,34,0,132,664,217,41399,,38615,128,467,36,695,187,631,80,18,25,82,126,891,211,11,18,880,207,27613,82
2010,0500000US06011,11,Colusa County,Colusa,21165,,10839,162,10326,162,1815,56,1786,204,1564,195,1763,217,1263,71,2665,66,2846,148,2836,126,1184,181,1007,182,1336,99,788,91,312,90,34,1.1,14875,222,13915,258,3082,168,2436,37,7539,39,7336,215,1177,25,1259,22,21165,,20144,277,1021,277,14169,676,196,59,383,292,21,19,0,132,0,132,4,10,218,127,37,31,54,77,75,101,23,26,3,4,26,35,0,132,47,13,15,18,10,13,10,14,12,18,5131,628,112,115,427,163,123,122,0,132,21165,,15106,692,342,87,841,311,489,113,124,64,5389,659,21165,,11136,,10139,353,51,54,0,132,946,346,10029,,8899,25,187,55,174,108,192,125,47,13,7,12,523,190,19,26,504,186,7775,594
2010,0500000US06013,13,Contra Costa County,Contra Costa,1024809,,500249,230,524560,230,66859,,70826,1485,73569,1485,73466,147,58927,149,125009,282,152101,227,160112,120,65623,1193,54805,1183,64994,133,40963,797,17555,793,38.1,0.2,766239,,727516,826,155239,1126,123512,138,367847,92,398392,91,52946,95,70566,92,1024809,,977982,2511,46827,2511,639036,3673,92810,978,4382,629,569,239,53,43,85,67,142,82,144993,1403,21324,1994,40532,1997,45848,2451,7051,802,8227,1090,6903,1042,15108,1261,4682,329,602,269,1466,452,365,239,2249,530,92079,3815,7175,930,6351,730,15267,1231,811,272,1024809,,678815,4232,105929,899,13968,1068,166901,881,8072,645,102244,3826,1024809,,239836,,171731,3384,5767,857,1683,477,60655,3308,784973,,505611,622,90756,1007,2661,393,143283,1366,4485,315,4593,855,33584,1811,1825,502,31759,1732,396782,798
2010,0500000US06015,15,Del Norte County,Del Norte,28471,,15654,165,12817,165,1704,112,1801,224,1649,214,1952,162,1989,195,3660,219,3935,260,4519,217,1794,210,1533,198,2203,130,1355,101,377,110,37.9,0.7,22115,174,20978,203,4827,205,3935,121,12494,178,9621,54,1829,99,2106,55,28471,,26596,401,1875,401,21022,417,991,184,1519,312,115,116,0,132,0,132,19,28,892,98,0,132,14,13,277,149,11,15,75,79,76,52,439,209,63,132,15,18,6,10,31,20,11,14,2109,295,68,70,1185,299,76,95,51,65,28471,,22465,483,1435,156,2850,184,1038,65,296,165,2377,387,28471,,4896,,4372,198,104,70,109,111,311,151,23575,,18757,53,944,172,1322,287,892,98,63,132,81,72,1516,348,14,22,1502,346,11119,111
2010,0500000US06017,17,El Dorado County,El Dorado,179053,,89764,140,89289,140,9862,146,11056,525,12733,559,12888,181,8652,175,16959,217,24014,191,32430,224,14004,644,11956,632,13786,100,7821,357,2892,351,42.6,0.2,136935,67,130709,295,31120,456,24499,68,67985,107,68950,92,11514,59,12985,49,179053,,173176,638,5877,638,157699,1020,1140,174,1649,323,445,249,27,41,25,30,6,9,6058,426,750,311,1266,408,2010,498,734,193,632,222,97,71,569,270,250,111,46,50,21,36,7,12,176,118,6380,950,766,169,2088,314,1419,323,117,114,179053,,163182,1161,2285,192,3997,207,7994,144,693,139,7167,1035,179053,,20641,,16078,621,466,218,142,99,3955,601,158412,,144672,180,1104,171,1247,301,5905,408,250,111,145,101,5089,582,248,187,4841,563,86742,201
2010,0500000US06019,19,Fresno County,Fresno,908830,,454107,29,454723,29,77569,56,72408,1346,76024,1341,79876,72,73595,73,129126,118,115386,129,112775,81,45092,1109,37334,1117,46485,33,29218,913,13942,911,30.4,0.1,634493,,587622,904,110852,911,89645,34,313870,21,320623,19,38721,5,50924,34,908830,,873327,1836,35503,1836,556526,5320,45704,882,9276,1012,701,230,35,40,205,139,32,31,85253,1015,13564,1438,7362,886,10707,1250,5530,639,1709,484,3406,743,42975,2152,1156,156,185,89,187,157,444,200,340,207,175412,5219,4476,729,8010,747,6329,897,1092,319,908830,,586306,5378,54214,1013,20622,1174,95306,810,2186,228,187918,5215,908830,,446727,,419172,2118,2130,518,577,225,24848,1948,462103,,308759,587,43673,779,4844,585,83715,995,1093,149,2470,680,17549,1351,1694,498,15855,1352,310219,593
2010,0500000US06021,21,Glenn County,Glenn,27935,,14076,86,13859,86,2227,97,2075,218,2248,216,2193,115,1820,111,3379,91,3454,119,3900,128,1789,179,1268,181,1869,67,1231,149,482,123,35.1,0.4,19973,67,18707,209,4285,185,3582,55,9975,66,9998,69,1641,35,1941,45,27935,,26993,314,942,314,21015,611,197,70,751,173,6,13,0,132,0,132,0,132,629,144,103,103,181,187,53,60,32,42,17,27,72,74,171,132,9,18,9,18,0,132,0,132,0,132,4392,629,130,98,149,105,213,148,0,132,27935,,21805,654,338,73,1045,251,860,80,27,35,4813,620,27935,,9989,,9287,333,73,70,0,132,629,309,17946,,16033,36,197,70,616,107,629,144,9,18,32,36,430,159,3,7,427,159,10681,55
2010,0500000US06023,23,Humboldt County,Humboldt,133058,,66509,89,66549,89,7519,20,7236,408,7402,409,9928,200,12296,205,18639,159,15252,106,19602,109,10220,486,7869,480,9049,102,5574,321,2472,301,37.1,0.4,105881,,98520,387,21335,388,17095,44,52571,49,53310,49,7492,37,9603,17,133058,,126839,583,6219,583,110110,593,1477,162,7700,401,597,217,22,25,78,66,166,106,2878,273,60,91,537,235,829,286,293,85,162,110,352,190,645,303,417,39,98,59,37,29,191,86,91,54,4257,508,482,143,2646,340,808,271,123,122,133058,,115972,676,2476,253,10877,194,4024,114,679,143,5781,590,133058,,12251,,10231,369,109,69,65,72,1846,383,120807,,104123,136,1414,145,7369,382,2855,266,417,39,220,145,4409,466,54,50,4355,460,60904,308
2010,0500000US06025,25,Imperial County,Imperial,168052,,86759,99,81293,99,13514,,13318,549,13614,550,15097,139,13085,218,23058,253,22725,245,21516,197,8643,442,6189,423,9228,113,6138,319,1927,297,31.6,0.2,118361,,109931,378,20888,389,17293,97,61260,77,57101,77,7956,81,9337,55,168052,,163523,683,4529,683,116384,2355,5824,270,2759,401,19,21,0,132,0,132,0,132,2698,186,174,145,682,220,636,215,138,84,638,190,123,73,307,160,179,118,14,22,68,81,33,24,64,82,35679,2253,144,74,973,339,579,253,103,72,168052,,120126,2281,6311,247,4093,530,3673,321,334,156,38204,2302,168052,,132679,,129344,688,492,281,205,145,2638,548,35373,,24627,143,5413,155,1689,124,2419,138,179,118,191,142,855,204,100,83,755,200,54876,150
2010,0500000US06027,27,Inyo County,Inyo,18434,,9224,116,9210,116,1060,28,986,133,1176,148,1172,94,859,112,1903,156,2053,141,3042,89,1501,152,1263,156,1754,61,1235,110,430,101,45,0.4,14394,63,13870,125,4126,154,3419,75,7209,76,7185,48,1567,43,1852,57,18434,,18030,142,404,142,13893,304,178,24,1884,105,2,4,15,23,5,9,24,32,260,48,2,4,121,74,77,81,5,12,55,59,0,132,0,132,13,23,0,132,0,132,0,132,13,23,1802,333,35,48,201,99,33,44,0,132,18434,,14263,330,213,31,2164,63,324,35,18,25,1906,319,18434,,3310,,2930,173,30,27,0,132,350,171,15124,,12442,133,176,23,1855,104,255,46,0,132,120,138,276,121,9,16,267,117,9433,30
2010,0500000US06029,29,Kern County,Kern,815693,,420962,77,394731,77,71484,48,65801,1210,68590,1208,70418,117,63232,131,117339,161,109426,185,105406,43,39822,1005,31773,1001,41358,106,23105,515,7939,495,30.6,0.1,566060,,525400,985,91177,822,72402,31,293425,68,272635,69,32525,16,39877,30,815693,,783844,2023,31849,2023,537410,5158,45273,958,8367,798,1186,304,8,13,292,163,91,64,32097,781,6540,770,3034,649,14947,1146,1389,388,2259,639,1289,420,2639,522,947,177,346,148,226,126,173,173,202,148,159750,4941,4084,726,7550,655,4737,627,617,338,815693,,564919,5078,52481,560,18844,984,39846,725,2554,393,171490,4991,815693,,388756,,354538,2269,3963,763,811,245,29444,2248,426937,,327013,404,44029,893,4987,536,30995,651,840,156,1498,510,17575,1298,1526,445,16049,1083,278239,881
2010,0500000US06031,31,Kings County,Kings,151122,,85889,17,65233,17,12602,,11953,507,10470,516,11324,262,13549,375,25427,165,23047,270,19077,270,6844,410,5182,411,6707,99,3707,174,1233,159,30.8,0.1,109265,,102201,407,14530,338,11647,57,64577,,44688,,5303,35,6344,44,151122,,146259,724,4863,724,107334,1742,11483,443,1931,229,145,90,0,132,82,61,23,31,5810,305,523,311,709,306,3494,462,184,93,185,98,203,122,512,220,142,97,87,79,10,14,38,48,7,13,19559,1632,732,273,607,163,856,265,166,152,151122,,111136,1822,12998,381,3064,418,7315,287,319,183,21551,1647,151122,,74726,,70141,823,812,464,324,147,3449,645,76396,,55385,106,10931,376,1445,135,5546,299,142,97,354,158,2593,547,195,93,2398,546,43094,610
2010,0500000US06033,33,Lake County,Lake,64371,,32294,265,32077,265,3532,73,3917,425,3818,398,4378,209,3248,159,6338,184,7602,153,10429,208,4884,408,5201,401,6231,135,3185,281,1608,260,44.1,0.5,50306,,48097,294,14188,444,11024,134,24936,41,25370,41,5235,86,5789,97,64371,,62055,504,2316,504,55225,764,1378,107,1430,423,187,123,17,27,0,132,79,76,685,145,0,132,48,54,247,151,65,59,50,67,0,132,275,194,268,286,52,55,0,132,0,132,216,284,3069,758,266,138,1171,374,264,124,114,120,64371,,57342,829,1797,152,2847,322,1161,147,400,318,3315,777,64371,,10505,,8841,485,259,141,0,132,1405,462,53866,,48392,39,1367,108,1302,405,676,144,268,286,38,44,1823,435,21,30,1802,436,35315,148
2010,0500000US06035,35,Lassen County,Lassen,35081,,22863,303,12218,303,1592,,1591,220,1923,225,2103,168,3044,254,6165,261,6079,352,5508,228,2130,183,1714,188,1793,54,1027,115,412,117,37.2,0.4,28695,60,27262,237,4041,169,3232,80,19533,315,9162,277,1583,57,1649,50,35081,,34254,232,827,232,24986,375,2989,321,1283,227,75,76,21,42,16,18,0,132,657,145,115,100,124,82,238,97,0,132,11,14,89,72,80,48,201,90,53,50,49,51,11,14,88,57,4138,381,60,47,245,112,141,118,46,66,35081,,25696,468,3128,321,1615,236,831,168,320,175,4354,370,35081,,5974,,4914,288,246,170,26,22,788,194,29107,,23606,138,2849,301,1129,237,642,147,201,90,171,149,509,187,8,14,501,183,12726,449
2010,0500000US06037,37,Los Angeles County,Los Angeles,9758256,,4811964,,4946292,,659802,,648140,4402,698366,4402,752353,,731474,,1484342,,1463499,,1344764,,533101,3880,416374,3880,539066,,345000,2442,141975,2443,34.3,0.1,7297743,,6844534,2333,1257320,2984,1026041,,3553757,,3743986,,434103,,591938,,9758256,,9448743,7018,309513,7018,4961910,18324,852780,2969,47794,2145,2980,471,521,205,1858,354,505,198,1340074,3253,77866,3548,389877,5859,324581,5137,109564,3251,210866,4501,90431,3814,136889,4161,26808,936,4622,644,3988,843,10776,1155,7422,1126,2219377,20897,37685,2075,35936,2088,70772,2953,10994,1275,9758256,,5214166,19854,934619,3240,114698,3548,1448879,2684,43595,1228,2335704,20189,9758256,,4599258,,3541205,11552,43116,1951,39902,2269,975035,11663,5158998,,2772785,1437,826481,2547,17423,1084,1324132,3308,24351,712,29308,1807,164518,4347,13290,1151,151228,4271,3425736,1862
2010,0500000US06039,39,Madera County,Madera,147738,,71232,159,76506,159,11954,174,10901,530,11976,549,12298,209,10405,201,20056,197,19370,254,19225,300,8671,468,6393,419,9246,170,5094,287,2149,282,33.2,0.2,105286,48,98507,361,20046,420,16489,115,49383,44,55903,27,7694,87,8795,86,147738,,142248,857,5490,857,117587,1833,5654,238,2385,543,442,398,29,48,19,42,7,13,2938,232,1012,490,84,61,651,247,355,166,52,59,47,37,737,486,163,51,91,85,0,132,19,21,53,37,13521,1711,372,143,2217,633,524,238,89,63,147738,,122583,1797,6322,252,4883,713,3669,231,337,94,15564,1824,147738,,76719,,72460,811,734,239,42,42,3483,729,71019,,58687,118,5318,151,1474,293,2715,186,163,51,94,76,2568,390,204,114,2364,386,48686,341
2010,0500000US06041,41,Marin County,Marin,248601,,122533,140,126068,140,14118,76,14751,624,13895,618,12737,104,10423,171,24326,194,37953,128,42423,108,21397,543,17195,534,20881,133,12954,449,5548,463,44,0.2,197152,40,191061,335,48846,546,39383,88,96164,98,100988,85,17149,47,22234,74,248601,,241155,696,7446,696,200047,1673,7470,406,684,235,103,66,0,132,0,132,0,132,13979,405,1890,499,4343,723,1654,347,2108,381,1197,332,1558,523,1229,355,469,88,232,111,51,64,72,64,114,56,18506,1722,769,307,1234,139,2648,331,81,45,248601,,206546,1679,9038,363,2604,459,17573,187,1102,284,19905,1727,248601,,35829,,18665,1401,853,256,331,153,15980,1386,212772,,184583,231,7054,322,386,83,13885,404,455,86,632,235,5777,505,285,121,5492,497,110530,484
2010,0500000US06043,43,Mariposa County,Mariposa,18290,,9159,224,9131,224,808,72,973,226,1017,209,957,173,860,174,1501,189,2267,198,3165,154,1756,269,1362,256,2032,73,1149,123,443,135,47.9,0.9,14823,110,14318,231,4564,234,3624,129,7557,136,7266,129,1830,94,1794,74,18290,,17526,206,764,206,16510,234,99,70,375,158,83,67,0,132,0,132,0,132,208,44,15,26,22,34,106,58,47,45,0,132,0,132,18,25,59,53,0,132,38,44,21,30,0,132,275,202,124,66,417,145,48,44,88,99,18290,,17159,311,324,99,894,86,283,34,68,61,326,218,18290,,1699,,1379,205,0,132,13,23,307,204,16591,,15252,132,99,70,297,158,208,44,59,53,0,132,676,180,0,132,676,180,10076,138
2010,0500000US06045,45,Mendocino County,Mendocino,87487,,43955,197,43532,197,5279,60,5317,439,5210,406,6067,199,5233,165,10061,192,10593,133,13049,100,7178,420,6475,420,7019,105,4119,297,1887,265,41.2,0.3,67859,37,64490,270,16919,336,13025,105,33692,74,34167,64,5891,83,7134,60,87487,,84831,490,2656,490,73196,937,862,233,4197,415,241,202,16,23,0,132,58,86,1584,126,23,25,616,206,206,84,165,87,33,56,232,150,309,115,183,24,47,65,27,42,50,39,59,45,4809,829,193,110,1304,332,300,123,64,58,87487,,75592,1003,1262,269,5676,329,2086,225,267,86,5356,862,87487,,18468,,16753,474,205,110,166,116,1344,445,69019,,61160,94,619,110,3769,322,1501,115,183,24,60,62,1727,381,37,43,1690,381,39975,241
2010,0500000US06047,47,Merced County,Merced,250699,,126197,170,124502,170,22381,96,22002,771,22014,769,23762,98,19660,151,34302,241,32596,124,30287,108,11532,485,9527,477,12465,60,7401,357,2770,356,29.3,0.2,170086,,156115,487,28158,483,22636,62,84767,132,85319,132,9917,4,12719,63,250699,,242989,889,7710,889,166042,2751,9781,449,2533,604,285,177,0,132,40,40,74,99,18668,423,4518,919,1015,334,2908,802,662,194,374,256,583,279,8608,1036,525,176,189,176,152,157,0,132,184,177,45440,2636,937,337,1416,448,1099,291,157,123,250699,,172844,2786,11352,502,4469,493,20485,260,1242,285,48635,2690,250699,,134778,,126402,1121,781,414,125,125,7470,1083,115921,,82907,295,8902,305,1286,334,18253,387,469,172,485,257,3619,629,308,184,3311,589,83089,219
2010,0500000US06049,49,Modoc County,Modoc,9605,,4816,94,4789,94,512,24,596,102,641,105,522,81,480,54,901,115,1049,76,1446,82,871,144,775,148,1078,72,549,66,185,66,45.4,0.4,7476,20,7271,94,2241,114,1812,78,3730,37,3746,48,873,47,939,69,9605,,9382,107,223,107,8470,164,96,63,345,108,35,34,0,132,0,132,17,26,124,132,78,63,24,41,14,29,0,132,0,132,3,6,5,12,25,31,0,132,18,28,0,132,7,12,322,159,0,132,171,101,0,132,14,24,9605,,8679,180,110,64,530,79,124,132,32,33,353,165,9605,,1261,,1132,76,2,15,0,132,127,72,8344,,7610,132,96,63,337,109,124,132,25,31,0,132,152,92,0,132,152,92,5133,81
2010,0500000US06051,51,Mono County,Mono,13905,,7630,209,6275,209,913,41,571,172,1007,168,963,250,1154,243,1927,348,2201,332,2201,143,899,187,912,188,800,49,280,47,77,47,36.5,1.4,10933,,10143,270,1659,191,1157,48,6066,102,4867,103,601,16,556,46,13905,,13590,200,315,200,11368,538,118,116,674,419,0,132,0,132,9,18,0,132,37,45,0,132,25,43,9,14,3,6,0,132,0,132,0,132,115,134,0,132,21,35,0,132,94,134,1278,486,13,22,158,141,0,132,0,132,13905,,11659,545,164,145,865,399,40,45,143,132,1382,480,13905,,3484,,2786,429,12,21,0,132,686,433,10421,,9644,95,102,109,379,162,34,44,115,134,0,132,147,128,61,95,86,86,13802,58
2010,0500000US06053,53,Monterey County,Monterey,407435,,209831,169,197604,169,32544,111,29163,952,28881,959,32433,167,32193,148,60498,181,55515,152,53139,173,22168,717,18346,713,21447,86,15056,494,6052,495,32.8,0.1,297946,,278065,511,53191,586,42555,65,153599,,144347,,18479,43,24076,41,407435,,392676,1097,14759,1097,284397,3023,13091,465,3612,668,82,40,58,93,16,27,64,68,25553,725,1022,401,2716,489,12514,1143,2984,514,2942,479,1645,439,1730,449,1785,218,402,172,525,243,65,48,793,308,64238,3235,986,292,2686,412,3179,562,299,127,407435,,295824,3120,16208,613,8091,870,31818,645,3066,258,68962,3211,407435,,218868,,202558,1496,1845,372,351,163,14114,1368,188567,,139535,330,12089,316,1158,169,24523,603,1736,210,1105,356,8421,735,572,204,7849,710,138833,464
2010,0500000US06055,55,Napa County,Napa,134051,,66748,102,67303,102,8033,19,8463,472,9068,474,9248,140,8445,182,16030,151,18035,132,19941,110,8684,500,8083,504,9912,105,6909,323,3200,310,39.4,0.3,102821,,97149,350,24866,424,20021,106,50782,57,52039,57,8804,73,11217,79,134051,,130329,555,3722,555,108377,1225,2943,160,1152,355,176,129,0,132,10,17,0,132,8761,356,371,197,931,375,4948,627,642,639,539,270,450,211,880,397,453,115,145,107,152,152,0,132,156,108,8643,1160,200,105,791,166,1141,338,11,17,134051,,111814,1198,3245,153,2140,349,10251,279,715,164,9873,1202,134051,,41074,,36495,736,244,121,79,61,4256,680,92977,,78109,144,2848,93,606,150,8519,317,362,69,304,172,2229,375,115,68,2114,366,54306,531
2010,0500000US06057,57,Nevada County,Nevada,98186,,48741,168,49445,168,4339,100,4943,440,6126,418,6390,207,4404,242,8902,263,11373,171,16457,114,9275,456,7734,473,9766,134,5935,334,2542,319,46.8,0.3,78503,31,75417,249,22318,396,18243,156,38472,96,40031,93,8383,143,9860,84,98186,,95875,335,2311,335,90959,604,432,118,1461,497,246,130,41,41,36,31,175,145,1278,185,125,102,378,185,176,86,183,107,112,97,158,132,146,122,213,135,76,53,0,132,86,123,51,52,1532,479,125,79,1059,230,425,180,0,132,98186,,93102,641,637,91,2804,469,1734,53,328,134,2080,566,98186,,7913,,6196,357,694,306,25,39,998,263,90273,,85681,85,370,94,836,204,1247,188,127,52,67,51,1945,276,226,128,1719,285,51847,209
2010,0500000US06059,59,Orange County,Orange,2965525,,1467799,,1497726,,195693,,200378,1956,209611,1956,221542,128,208307,128,412375,,451230,,431554,,167670,1783,135294,1783,174421,98,111824,1244,45626,1241,35.7,0.2,2224425,,2095207,1580,407084,1529,331871,,1088127,,1136298,,142381,,189490,,2965525,,2883338,2939,82187,2939,1839676,7563,48361,1050,13004,1104,1221,303,326,293,444,244,293,155,521268,1924,44948,2264,81255,2895,68716,2638,35541,1687,81655,3320,170256,3575,38897,2225,9565,584,1804,415,1596,556,3567,922,2598,781,451464,8065,7318,768,9919,717,31259,1556,423,152,2965525,,1912312,8672,60503,951,27003,1423,562152,1145,16172,715,475060,7743,2965525,,973899,,845283,3970,10924,1279,7935,1052,109757,3888,1991626,,1349803,1077,45009,922,7309,527,517048,1745,8957,506,9363,1106,54137,1965,3765,500,50372,1952,1042254,1394
2010,0500000US06061,61,Placer County,Placer,336477,,164341,122,172136,122,20659,49,22815,781,24691,782,23653,158,17800,175,37009,221,47431,152,51518,91,22891,657,18245,655,26792,102,16795,547,6178,557,39.8,0.2,252929,,240651,455,60706,626,49765,42,121836,47,131093,47,21939,39,27826,40,336477,,325433,1028,11044,1028,284169,1362,4502,377,3087,508,582,268,85,108,24,28,27,27,19797,609,3543,688,3540,622,7251,867,1526,329,1118,350,1166,325,1653,563,865,174,220,143,229,129,121,140,295,153,13013,1267,1392,282,2408,371,3272,581,51,52,336477,,294451,1556,6416,293,6000,405,24182,324,1768,316,15597,1311,336477,,41206,,31187,867,1375,331,204,164,8440,905,295271,,259985,193,4220,285,2415,336,19406,609,699,132,736,228,7810,832,140,75,7670,820,149188,344
2010,0500000US06063,63,Plumas County,Plumas,20392,,10451,179,9941,179,865,81,988,179,1133,168,1397,243,729,221,1625,164,2390,236,3465,181,2166,246,1709,238,2368,113,1096,133,461,127,48.5,0.7,16582,63,15720,166,4877,270,3925,123,8298,129,8284,121,1897,68,2028,92,20392,,19915,255,477,255,18706,214,225,66,592,197,47,65,55,56,0,132,25,39,191,25,0,132,134,92,16,33,31,50,0,132,0,132,10,30,9,17,0,132,0,132,0,132,9,17,192,168,46,49,222,177,15,25,0,132,20392,,19183,251,271,42,911,148,206,132,9,17,386,263,20392,,1593,,1425,87,27,42,0,132,141,81,18799,,17511,132,198,49,557,195,191,25,9,17,0,132,333,199,0,132,333,199,15383,105
2010,0500000US06065,65,Riverside County,Riverside,2109464,,1050949,265,1058515,265,162122,,163067,2050,175418,2049,179364,130,145079,248,273040,256,294449,197,276591,158,106294,1667,89117,1666,131467,78,84535,1013,28921,1008,33.4,0.1,1498234,,1396492,1264,295996,1539,244923,,739332,,758902,,109832,,135091,,2109464,,2029084,3179,80380,3179,1365281,7234,131258,1653,20289,1566,1786,509,363,250,752,430,149,101,121846,1421,10703,1551,13780,1271,49263,2186,4500,597,10159,1026,16250,1386,17191,1655,6436,658,1602,476,1471,519,1205,393,2158,576,383974,7458,11499,1320,12276,1084,14743,1124,2318,573,2109464,,1431981,7472,152972,1493,39406,1604,145659,1436,11710,910,413361,7393,2109464,,933529,,826515,3821,12724,1353,4771,803,89519,4018,1175935,,863965,1500,124715,1500,9870,781,118185,1219,5623,476,10234,1546,43343,2165,2742,609,40601,2131,783116,654
2010,0500000US06067,67,Sacramento County,Sacramento,1395144,,683659,,711485,,100493,,96826,1705,100879,1706,104395,114,99509,113,203688,,195304,,197235,,81145,1442,63145,1421,78885,63,52035,871,21605,867,34.6,0.2,1032452,,971362,908,187414,1184,152525,77,497893,,534559,,64094,77,88431,,1395144,,1321977,2779,73167,2779,839130,4106,142676,1347,13402,1269,1514,344,284,156,470,212,185,121,198604,1632,24277,2348,40127,2503,43363,2760,11026,915,6834,1140,22183,1853,50794,2818,13807,393,1277,329,1412,341,1311,487,9807,806,114358,3780,13375,1167,11273,1035,18422,1321,3151,775,1395144,,897331,4818,168362,1231,32477,1693,227146,1056,19139,778,130175,4267,1395144,,289636,,239368,2515,7978,998,1273,353,41017,2309,1105508,,693823,829,139229,1265,8557,705,196168,1623,13332,369,4815,880,49584,2114,2218,420,47366,2086,551985,800
2010,0500000US06069,69,San Benito County,San Benito,54492,,27324,74,27168,74,4167,80,4369,276,4628,303,4558,88,3462,60,7005,85,7872,114,7940,111,3086,260,2276,256,2797,100,1759,166,573,141,33.7,0.3,38306,107,35988,230,6274,232,5129,121,18989,143,19317,53,2346,86,2783,72,54492,,51566,581,2926,581,37593,1777,665,145,755,280,0,132,0,132,75,98,0,132,1289,228,31,57,73,70,457,222,188,99,39,47,134,108,367,278,8,13,0,132,8,13,0,132,0,132,11256,1910,27,45,280,68,682,273,19,24,54492,,39873,1878,830,185,1513,462,2466,245,294,209,12728,1865,54492,,29835,,27786,510,124,82,75,69,1850,503,24657,,21377,181,493,33,304,70,1242,215,0,132,223,178,1018,220,73,83,945,231,17873,629
2010,0500000US06071,71,San Bernardino County,San Bernardino,2005287,,998752,174,1006535,174,159893,,158132,2042,171149,2042,179323,197,155377,202,278479,175,279084,122,271093,,102495,1444,78905,1444,96610,37,55420,882,19327,872,31.2,0.2,1404631,,1301332,1340,214759,1285,171357,,691164,,713467,,74692,,96665,,2005287,,1920483,3817,84804,3817,1219774,7933,178597,2048,19575,1735,1271,372,186,120,888,371,395,157,123950,1166,11388,1307,21785,1673,41979,2163,5685,732,11402,1319,12963,1502,18748,1619,5793,499,787,307,1209,434,2097,673,1700,516,372794,8154,12428,1680,14292,1089,12403,1143,2681,581,2005287,,1289659,7897,202130,1577,42907,2296,145815,1341,10504,807,406124,8301,2005287,,960138,,830124,5389,12640,1523,5714,1066,111660,4772,1045149,,695292,930,170492,1543,7821,637,120343,1060,5417,365,5715,1036,40069,2290,2922,556,37147,2215,691321,690
2010,0500000US06073,73,San Diego County,San Diego,3022468,,1516787,,1505681,,202135,,191979,1837,196020,1838,223179,,262630,,457403,,425325,,421543,,170049,1884,134481,1883,170240,86,118160,1503,49324,1505,34.5,0.1,2303520,,2155338,1707,410211,1563,337724,,1148008,,1155512,,145803,,191921,,3022468,,2897448,4271,125020,4271,2147740,7434,152313,1649,20427,1326,1304,306,519,204,566,174,310,157,326825,2092,22324,1781,50869,2899,141251,3820,19399,1277,19907,1592,43341,2346,29734,2065,14670,799,2707,565,4897,820,4862,1096,2204,509,235473,6867,15238,1318,20116,1467,39560,1990,2110,439,3022468,,2255026,7255,181287,1505,48168,2022,381426,1298,25533,954,264849,7182,3022468,,940777,,843391,4244,16103,1409,4710,666,76573,3914,2081691,,1500807,1002,145787,1494,11521,585,320667,2052,13285,702,6862,1044,82762,2820,4109,609,78653,2671,1154874,1928
2010,0500000US06075,75,San Francisco County,San Francisco,789172,,399683,95,389489,95,34751,62,27229,975,26479,976,34525,106,57625,112,164970,115,133990,137,110278,112,50130,1112,41022,1099,53018,75,38089,830,17066,828,38.3,0.1,682638,,657814,798,130541,1055,108173,66,345430,,337208,,46708,65,61465,,789172,,761145,1475,28027,1475,406874,2415,49071,842,3994,546,559,264,13,17,289,127,18,22,264709,1141,9580,989,166683,3312,38971,2638,10894,811,9920,980,13311,1490,15350,1561,3266,155,396,181,308,112,1327,309,1235,352,33231,2189,2913,605,2873,457,11875,880,1296,458,789172,,430373,2343,55927,546,9664,873,280501,638,5694,403,37600,2293,789172,,116075,,61741,2527,3592,539,1647,405,49095,2547,673097,,332062,453,47867,733,2092,302,263278,1085,3259,155,2817,560,21722,1298,783,217,20939,1318,372560,742
2010,0500000US06077,77,San Joaquin County,San Joaquin,673613,,335907,84,337706,84,54922,,53173,939,56910,939,57820,116,47446,120,89072,118,93060,143,89416,118,35976,869,27806,875,35921,102,22462,1178,9629,1153,32.3,0.2,472748,,441086,698,83701,791,68012,76,232765,,239983,,29157,58,38855,40,673613,,635865,2054,37748,2054,398739,3283,49261,992,7083,936,592,167,46,51,124,93,227,147,96579,1024,11800,1523,8169,1072,35239,2531,3320,475,1625,457,7278,1193,29148,2247,3311,248,456,232,583,235,916,345,1356,360,80892,3318,5095,720,5644,572,8244,1025,1425,396,673613,,427574,3194,60840,1089,17271,1340,111442,973,6663,716,91477,3731,673613,,253771,,225143,2307,4187,827,575,271,23866,2019,419842,,251081,330,46449,699,3101,383,93909,878,3180,218,1258,415,20864,1295,1047,353,19817,1232,231114,852
2010,0500000US06079,79,San Luis Obispo County,San Luis Obispo,265577,,136223,179,129354,179,13155,84,13317,591,14483,593,22456,232,28094,162,29912,252,30738,201,40118,166,18977,691,15227,693,19618,95,13234,438,6248,421,39,0.2,214578,76,194812,775,47988,566,39100,99,110065,148,104513,125,17313,74,21787,85,265577,,256999,701,8578,701,223464,1472,5666,323,2539,331,341,135,150,113,36,50,34,34,8158,450,564,245,1498,313,2824,545,1168,287,833,294,693,227,578,211,349,144,6,10,13,22,25,33,305,145,16823,1512,829,251,2295,268,2424,404,98,50,265577,,231285,1494,6876,274,5395,387,11101,211,889,151,18931,1548,265577,,52751,,44791,893,687,252,414,232,6859,874,212826,,191596,206,5357,268,1478,193,7867,414,343,142,492,229,5693,496,197,120,5496,449,116323,622
2010,0500000US06081,81,San Mateo County,San Mateo,704327,,345989,155,358338,155,46182,,43452,832,40938,834,41401,68,39980,156,97466,170,109437,127,108552,119,46697,1032,37175,1033,47047,112,31831,823,14169,801,39,0.2,547133,,524615,664,113815,938,93047,,266007,,281126,,39332,,53715,,704327,,675859,1567,28468,1567,423328,2592,20503,772,2776,455,309,152,50,72,97,62,76,67,171499,1129,13192,1192,60988,2268,67543,2705,9716,911,5942,858,4517,870,9601,1040,10440,265,618,224,229,196,2829,847,6764,811,47313,2426,2009,444,2625,614,11958,1085,282,174,704327,,447327,2584,24949,535,6971,741,188668,711,13317,570,54516,2467,704327,,172151,,112535,2857,4025,796,1297,448,54294,2852,532176,,308979,387,19410,624,1375,218,169912,1102,10299,232,2423,521,19778,1313,1143,246,18635,1265,270039,559
2010,0500000US06083,83,Santa Barbara County,Santa Barbara,416051,,208781,82,207270,82,27052,47,25209,675,26591,687,37923,154,43554,173,54344,202,51688,123,54627,98,22701,638,19455,642,25463,70,18782,506,8662,494,33.6,0.2,319203,,288371,869,63408,607,52907,28,159058,26,160145,26,22826,23,30081,28,416051,,401594,1083,14457,1083,317602,3401,7976,504,4162,618,355,189,12,19,39,41,13,21,20663,593,1813,405,3739,601,6891,961,2142,368,2118,481,1981,449,1979,479,804,136,203,90,168,128,70,78,363,135,50387,3259,1939,310,2627,470,3848,482,341,174,416051,,330379,3408,11281,537,7832,628,25846,526,1389,266,54801,3309,416051,,170439,,156247,1300,1406,388,427,150,12359,1234,245612,,207440,223,7205,332,1921,290,19672,421,725,113,673,216,7976,644,354,162,7622,625,152381,582
2010,0500000US06085,85,Santa Clara County,Santa Clara,1739396,,873844,137,865552,137,124911,,114822,1658,112378,1659,113184,63,112251,63,267893,,279702,,254289,,96684,1361,76708,1361,99382,100,62642,1031,24550,1020,35.8,0.1,1317816,,1252493,1037,229431,1316,186574,,657838,,659978,,80825,,105749,,1739396,,1671664,2716,67732,2716,879240,6066,44431,1019,9905,1226,723,301,86,70,368,225,135,93,547207,2207,106223,3965,147323,3874,87791,4159,27590,1509,28666,2008,119120,3865,30494,1732,6497,441,1187,335,1239,483,2197,545,1874,557,184384,5903,5555,676,6370,765,27977,1840,706,222,1739396,,936417,6341,55632,904,20381,1440,584687,1424,11658,742,202718,6081,1739396,,456367,,385430,3335,7171,952,2504,549,61262,3227,1283029,,636231,649,41704,734,4603,408,542920,2098,5963,368,6099,927,45509,2180,3628,682,41881,2053,626325,1152
2010,0500000US06087,87,Santa Cruz County,Santa Cruz,256901,,128150,147,128751,147,14886,149,14563,579,15323,606,22091,366,24720,374,31710,171,33995,195,39408,179,18683,569,14051,603,14229,106,9343,328,3899,334,36.6,0.2,201746,43,184186,718,34831,514,27471,103,99797,68,101949,46,11766,77,15705,55,256901,,247065,688,9836,688,214289,1938,2424,194,1134,314,70,49,3,7,19,22,7,11,10556,421,1824,558,2520,344,2042,406,1937,329,696,244,621,240,916,325,418,108,183,120,66,64,0,132,169,92,18244,1861,1052,192,2348,301,2996,396,92,89,256901,,223481,1847,4140,293,4659,538,14650,343,1042,234,20071,1960,256901,,79100,,72279,801,298,146,288,163,6235,791,177801,,156672,219,2380,191,587,125,10148,390,390,104,596,207,7028,481,192,118,6836,480,104002,1046
2010,0500000US06089,89,Shasta County,Shasta,176906,,86998,116,89908,116,10282,19,10221,469,12325,468,12972,169,11014,255,18914,271,21194,221,26866,136,12864,556,11542,554,15538,101,9240,386,3934,386,41.3,0.3,136200,,128079,419,35590,472,28712,49,65847,11,70353,12,12849,34,15863,33,176906,,169479,705,7427,705,156316,672,1470,170,3993,586,441,189,20,31,123,107,64,54,4414,294,277,152,668,221,922,278,423,164,286,165,352,227,1486,468,280,56,180,64,32,33,10,13,58,32,3006,600,582,165,3846,524,945,287,17,32,176906,,163456,790,2737,456,8545,263,5722,170,600,133,4106,613,176906,,14162,,10530,563,381,178,140,116,3111,490,162744,,146929,212,1451,169,3652,553,4344,293,261,46,206,209,5901,619,46,36,5855,624,76782,304
2010,0500000US06091,91,Sierra County,Sierra,3366,177,1689,118,1677,110,143,17,176,67,147,57,203,65,95,59,160,99,406,108,629,74,441,104,288,93,389,36,231,52,58,46,50.8,1.9,2784,144,2629,159,872,100,678,46,1384,93,1400,85,317,38,361,28,3366,177,3345,178,21,23,3126,166,37,25,9,14,0,132,0,132,0,132,0,132,5,10,0,132,5,10,0,132,0,132,0,132,0,132,0,132,0,132,0,132,0,132,0,132,0,132,168,83,0,132,9,12,0,132,0,132,3366,177,3142,171,42,26,18,17,5,10,0,132,180,74,3366,177,264,54,207,68,0,132,3,5,54,41,3102,165,3042,160,37,25,9,14,5,10,0,132,0,132,9,12,0,132,9,12,2258,63
2010,0500000US06093,93,Siskiyou County,Siskiyou,44690,,22218,77,22472,77,2287,40,2483,248,2603,246,3064,175,2138,94,3996,93,4867,64,7241,57,3878,232,3578,236,4703,95,2871,191,981,158,46.5,0.3,35475,104,33763,232,10487,197,8555,59,17426,132,18049,50,3994,27,4561,52,44690,,42014,367,2676,367,38777,321,577,128,1351,207,146,82,3,6,16,25,7,8,564,77,22,32,161,58,117,67,52,29,45,40,88,78,79,70,100,25,43,24,26,15,17,19,14,13,645,164,217,142,1572,250,244,130,55,48,44690,,41353,284,1056,196,3173,227,1024,199,159,28,975,204,44690,,4454,,3778,199,45,40,32,31,599,203,40236,,35854,50,575,127,1248,194,564,77,98,25,29,45,1868,240,28,21,1840,244,23799,319
2010,0500000US06095,95,Solano County,Solano,410042,,205213,104,204829,104,27137,,28187,752,28693,752,31214,117,28467,137,54062,138,57376,111,63352,73,26089,663,21155,652,24133,92,14815,417,5362,405,36.5,0.1,306583,,289305,586,55696,641,44310,54,152139,,154444,,19144,54,25166,,410042,,382980,1636,27062,1636,212062,2202,60784,946,2578,319,156,84,25,31,196,133,95,69,59077,1122,4944,1200,4164,657,39577,1700,2015,391,1382,366,2939,786,4056,797,3463,262,874,345,1406,338,449,235,734,274,45016,2395,3802,605,2744,364,6531,873,815,300,410042,,233212,2660,69848,840,8667,794,71121,933,6456,552,52023,2453,410042,,94832,,75441,1207,3185,597,661,263,15545,1128,315210,,171126,578,59514,835,1933,266,58114,1014,3333,241,2437,771,18753,1405,784,282,17969,1387,151616,413
2010,0500000US06097,97,Sonoma County,Sonoma,474047,,233187,146,240860,146,27928,69,28278,1015,30248,1014,33635,152,31400,200,58365,174,63056,132,73949,108,34793,887,29000,893,31866,119,21191,653,10338,640,39.5,0.2,367525,,347345,607,79296,715,63395,75,178542,76,188983,75,26879,57,36516,48,474047,,458820,1220,15227,1220,384721,2431,6997,458,5457,613,182,94,93,82,103,126,239,228,18764,547,1767,462,3756,619,4046,572,1661,268,1377,435,2433,593,3724,728,1454,237,210,145,248,148,171,138,825,283,41427,2437,1998,357,3611,494,3663,543,362,202,474047,,398259,2517,10638,400,10699,614,23672,414,2536,304,44965,2452,474047,,112084,,98653,1246,1612,386,569,245,11250,1168,361963,,320480,215,6629,418,3809,399,18438,511,1355,223,655,206,10597,831,460,246,10137,818,202668,533
2010,0500000US06099,99,Stanislaus County,Stanislaus,509682,,252215,174,257467,174,40512,,38336,1056,43118,1055,42900,91,36744,152,69468,200,68776,155,68417,172,28169,748,20506,771,28050,105,17470,446,7216,452,32.5,0.1,360945,,336801,620,64099,658,52736,115,175839,,185106,,22557,70,30179,61,509682,,489484,1728,20198,1728,385134,2963,14241,602,4994,724,740,224,14,20,182,146,124,93,26682,633,7404,936,2605,539,5807,704,1143,342,723,248,1486,461,7514,892,3445,303,354,148,598,413,420,249,2073,387,54988,2751,2266,595,4698,514,4046,582,348,172,509682,,402553,2990,18220,644,11213,776,32435,589,4871,395,61693,2823,509682,,206983,,190793,1248,3286,617,282,129,12622,1171,302699,,245803,277,13230,475,3126,420,26026,618,3101,157,696,276,10717,953,836,291,9881,889,177591,683
2010,0500000US06101,101,Sutter County,Sutter,93420,,46498,71,46922,71,7142,97,6960,398,7317,396,7306,81,6295,107,12637,155,12329,114,12505,142,5109,322,4421,315,6235,107,3891,183,1273,176,34.2,0.2,67427,,63602,230,14060,319,11399,74,33038,23,34389,23,5035,53,6364,62,93420,,87513,763,5907,763,61613,1235,1505,187,1230,317,209,109,3,6,44,48,0,132,12533,520,9100,839,726,307,851,314,319,130,427,245,275,212,835,259,295,43,39,37,128,68,62,51,66,45,10337,1152,728,149,1567,264,1088,441,117,78,93420,,66446,1266,2751,251,3494,498,14622,196,904,282,11817,1259,93420,,25945,,23767,506,355,172,12,25,1811,476,67475,,48648,94,1452,176,613,136,12424,510,286,41,188,136,3864,518,80,53,3784,515,33624,127
2010,0500000US06103,103,Tehama County,Tehama,62575,,31198,133,31377,133,4301,72,4231,366,4521,399,4848,126,3497,73,6868,117,7694,128,9042,94,4219,322,3585,325,5513,95,3159,207,1097,204,39.2,0.4,46336,6,44033,170,11815,253,9769,73,22856,83,23480,84,4521,74,5248,44,62575,,60099,350,2476,350,52513,828,374,98,1388,249,118,78,4,6,16,26,63,48,755,119,0,132,200,138,235,137,62,48,67,51,150,108,41,37,72,34,11,13,0,132,0,132,61,37,4997,753,193,100,1203,200,179,95,20,16,62575,,54802,822,743,139,2712,243,1015,116,128,4,5775,811,62575,,13017,,11522,426,203,110,34,50,1258,422,49558,,45764,44,374,98,1008,172,693,91,70,34,49,41,1600,219,30,28,1570,221,26739,385
2010,0500000US06105,105,Trinity County,Trinity,13701,,6996,147,6705,147,663,46,626,122,744,105,780,108,660,124,1265,84,1478,114,2358,62,1323,189,1321,205,1507,54,638,106,338,111,48.5,0.8,11093,18,10736,86,3231,142,2483,56,5715,121,5378,120,1265,46,1218,55,13701,,12828,106,873,106,12084,202,54,48,229,94,12,14,0,132,53,39,5,8,166,16,0,132,50,55,29,33,5,8,25,32,37,59,20,31,44,41,17,17,27,39,0,132,0,132,251,193,0,132,766,103,10,14,0,132,13701,,12941,196,87,67,1051,90,195,32,93,74,282,197,13701,,892,,708,105,30,41,0,132,154,95,12809,,11482,33,54,48,220,90,161,14,44,41,22,33,826,101,16,25,810,107,8608,320
2010,0500000US06107,107,Tulare County,Tulare,429404,,215004,108,214400,108,40358,53,36597,766,39778,785,38298,150,31560,207,59829,279,54557,132,50935,84,21104,724,16315,707,21687,98,13123,360,5263,332,29.4,0.1,288581,62,268057,539,48895,609,40073,89,143206,80,145375,68,17689,89,22384,3,429404,,416900,1166,12504,1166,332169,3126,6294,418,5062,593,343,111,45,38,140,143,95,74,14669,529,1029,357,1124,339,5461,600,839,214,217,92,1037,536,4962,674,354,148,119,102,26,56,0,132,209,138,58352,3015,1512,433,2952,429,1828,413,119,69,429404,,343243,3184,8487,438,8807,634,17847,443,1123,228,63187,3080,429404,,253058,,244611,923,1072,386,316,200,7059,811,176346,,146711,238,5362,293,3251,346,13894,410,336,139,726,290,6066,623,524,195,5542,599,138647,382
2010,0500000US06109,109,Tuolumne County,Tuolumne,56074,,29774,135,26300,135,2439,70,2622,244,2929,238,3309,130,3151,154,6031,166,6582,212,9110,136,4988,419,4099,429,5826,121,3616,237,1372,227,46.6,0.3,46037,83,44222,238,13102,329,10814,112,24460,134,21577,75,5015,87,5799,68,56074,,53898,362,2176,362,48883,602,1275,130,838,196,156,112,8,13,0,132,26,25,558,121,0,132,102,84,197,109,75,51,106,90,38,27,40,25,113,27,56,37,10,15,16,18,31,29,2231,579,103,80,888,193,216,123,11,14,56074,,50885,616,1485,40,2008,223,841,73,186,41,3048,597,56074,,5740,,4789,233,158,55,43,49,750,214,50334,,45999,463,1238,121,762,185,525,111,109,27,379,461,1322,259,65,55,1257,250,31033,301
2010,0500000US06111,111,Ventura County,Ventura,809080,,402061,125,407019,125,55753,47,56836,1194,60495,1201,64140,100,55117,150,102006,172,114840,133,121476,108,48048,1144,39067,1131,47866,80,31111,642,12325,632,36,0.1,595982,,558851,799,112310,979,91302,79,293397,64,302585,63,39613,49,51689,83,809080,,779042,1957,30038,1957,559845,4487,14532,591,9881,1393,583,222,23,26,68,70,0,132,55733,908,7134,976,9851,862,21414,1495,5111,658,3600,701,4603,1185,4020,701,1411,221,386,175,265,148,450,202,310,188,137640,4644,3328,550,5711,633,7179,788,416,263,809080,,586352,4436,19946,774,17734,1571,65563,670,2967,269,148340,4709,809080,,315604,,283648,2201,2717,687,1321,474,27918,2116,493476,,405113,401,13043,502,1952,277,54081,784,1303,204,1558,376,16426,1067,1175,362,15251,982,279398,702
2010,0500000US06113,113,Yolo County,Yolo,196418,,95908,125,100510,125,12468,68,12011,544,12418,549,21299,1021,25515,942,26916,221,24085,159,24504,121,10414,452,8041,447,9748,78,6514,272,2485,266,30.1,0.1,151283,,131990,1040,23089,353,18747,57,72734,33,78549,33,8119,46,10628,18,196418,,186110,933,10308,933,131341,1768,4610,361,2047,371,90,64,29,32,48,40,88,73,25297,572,3212,707,8846,826,3347,677,1619,438,1992,417,2515,616,3766,735,1053,112,211,88,351,188,84,71,407,171,21762,1665,1262,355,1784,346,2695,421,168,123,196418,,139854,1758,6710,360,5148,611,29302,328,1849,347,24674,1780,196418,,57963,,49157,1047,1032,386,225,161,7549,954,138455,,100763,170,4408,351,1124,163,24964,542,959,61,529,207,5708,631,246,108,5462,614,73947,1006
2010,0500000US06115,115,Yuba County,Yuba,71160,,35887,146,35273,146,6257,19,5598,368,5655,356,5539,178,5396,169,10333,182,9044,158,9306,186,3647,337,3457,343,3954,123,2227,186,747,173,31.5,0.2,50249,86,46823,291,8760,268,6928,111,25106,87,25143,106,3173,87,3755,84,71160,,66161,730,4999,730,49292,954,1773,330,1327,314,283,144,0,132,4,10,0,132,4874,354,161,147,221,141,949,373,292,148,65,44,200,168,2986,636,248,57,15,27,198,80,18,33,17,14,8647,1054,640,266,1656,254,934,318,102,102,71160,,53728,1152,3140,346,3896,402,6391,329,462,120,9497,1061,71160,,17072,,15307,443,418,272,0,132,1347,375,54088,,42363,283,1749,331,966,227,4823,352,248,57,332,283,3607,564,48,54,3559,576,27351,220
