ID,Date,Reservoir_Storage(AF)
EDN,19950131,20000
EDN,19950201,20000
EDN,19950202,20000
EDN,19950203,20000
EDN,19950204,20000
EDN,19950205,20000
EDN,19950206,20000
EDN,19950207,20000
EDN,19950208,20000
EDN,19950209,20000
EDN,19950210,20000
EDN,19950211,20000
EDN,19950212,20000
EDN,19950213,20000
EDN,19950214,m
EDN,19950215,m
EDN,19950216,m
EDN,19950217,m
EDN,19950218,m
EDN,19950219,m
EDN,19950220,m
EDN,19950221,m
EDN,19950222,m
EDN,19950223,m
EDN,19950224,m
EDN,19950225,m
EDN,19950226,m
EDN,19950227,m
EDN,19950228,m
EDN,19950301,m
EDN,19950302,m
EDN,19950303,m
EDN,19950304,m
EDN,19950305,m
EDN,19950306,m
EDN,19950307,m
EDN,19950308,m
EDN,19950309,m
EDN,19950310,m
EDN,19950311,m
EDN,19950312,m
EDN,19950313,m
EDN,19950314,m
EDN,19950315,m
EDN,19950316,m
EDN,19950317,m
EDN,19950318,m
EDN,19950319,m
EDN,19950320,m
EDN,19950321,m
EDN,19950322,m
EDN,19950323,m
EDN,19950324,m
EDN,19950325,m
EDN,19950326,m
EDN,19950327,m
EDN,19950328,m
EDN,19950329,m
EDN,19950330,m
EDN,19950331,m
EDN,19950401,m
EDN,19950402,m
EDN,19950403,m
EDN,19950404,m
EDN,19950405,m
EDN,19950406,m
EDN,19950407,m
EDN,19950408,m
EDN,19950409,m
EDN,19950410,m
EDN,19950411,m
EDN,19950412,m
EDN,19950413,m
EDN,19950414,m
EDN,19950415,m
EDN,19950416,m
EDN,19950417,m
EDN,19950418,m
EDN,19950419,m
EDN,19950420,m
EDN,19950421,m
EDN,19950422,m
EDN,19950423,m
EDN,19950424,m
EDN,19950425,m
EDN,19950426,m
EDN,19950427,m
EDN,19950428,m
EDN,19950429,m
EDN,19950430,m
EDN,19950501,m
EDN,19950502,m
EDN,19950503,m
EDN,19950504,m
EDN,19950505,m
EDN,19950506,m
EDN,19950507,m
EDN,19950508,m
EDN,19950509,m
EDN,19950510,m
EDN,19950511,m
EDN,19950512,m
EDN,19950513,m
EDN,19950514,m
EDN,19950515,m
EDN,19950516,m
EDN,19950517,m
EDN,19950518,m
EDN,19950519,m
EDN,19950520,m
EDN,19950521,m
EDN,19950522,m
EDN,19950523,m
EDN,19950524,m
EDN,19950525,m
EDN,19950526,m
EDN,19950527,m
EDN,19950528,m
EDN,19950529,m
EDN,19950530,m
EDN,19950531,m
EDN,19950601,m
EDN,19950602,m
EDN,19950603,m
EDN,19950604,m
EDN,19950605,m
EDN,19950606,m
EDN,19950607,m
EDN,19950608,m
EDN,19950609,m
EDN,19950610,m
EDN,19950611,m
EDN,19950612,m
EDN,19950613,m
EDN,19950614,m
EDN,19950615,m
EDN,19950616,m
EDN,19950617,m
EDN,19950618,m
EDN,19950619,m
EDN,19950620,m
EDN,19950621,m
EDN,19950622,m
EDN,19950623,m
EDN,19950624,m
EDN,19950625,m
EDN,19950626,m
EDN,19950627,m
EDN,19950628,m
EDN,19950629,m
EDN,19950630,m
EDN,19950701,m
EDN,19950702,m
EDN,19950703,m
EDN,19950704,m
EDN,19950705,m
EDN,19950706,m
EDN,19950707,m
EDN,19950708,m
EDN,19950709,m
EDN,19950710,m
EDN,19950711,m
EDN,19950712,m
EDN,19950713,m
EDN,19950714,m
EDN,19950715,m
EDN,19950716,m
EDN,19950717,m
EDN,19950718,m
EDN,19950719,m
EDN,19950720,m
EDN,19950721,m
EDN,19950722,m
EDN,19950723,m
EDN,19950724,m
EDN,19950725,m
EDN,19950726,m
EDN,19950727,m
EDN,19950728,m
EDN,19950729,m
EDN,19950730,m
EDN,19950731,m
EDN,19950801,m
EDN,19950802,m
EDN,19950803,m
EDN,19950804,m
EDN,19950805,m
EDN,19950806,m
EDN,19950807,m
EDN,19950808,m
EDN,19950809,m
EDN,19950810,m
EDN,19950811,m
EDN,19950812,m
EDN,19950813,m
EDN,19950814,m
EDN,19950815,m
EDN,19950816,m
EDN,19950817,m
EDN,19950818,m
EDN,19950819,m
EDN,19950820,m
EDN,19950821,m
EDN,19950822,m
EDN,19950823,m
EDN,19950824,m
EDN,19950825,m
EDN,19950826,m
EDN,19950827,m
EDN,19950828,m
EDN,19950829,m
EDN,19950830,m
EDN,19950831,m
EDN,19950901,m
EDN,19950902,m
EDN,19950903,m
EDN,19950904,m
EDN,19950905,m
EDN,19950906,m
EDN,19950907,m
EDN,19950908,m
EDN,19950909,m
EDN,19950910,m
EDN,19950911,m
EDN,19950912,m
EDN,19950913,m
EDN,19950914,m
EDN,19950915,m
EDN,19950916,m
EDN,19950917,m
EDN,19950918,m
EDN,19950919,m
EDN,19950920,m
EDN,19950921,m
EDN,19950922,m
EDN,19950923,m
EDN,19950924,m
EDN,19950925,m
EDN,19950926,m
EDN,19950927,m
EDN,19950928,m
EDN,19950929,m
EDN,19950930,m
EDN,19951001,m
EDN,19951002,m
EDN,19951003,m
EDN,19951004,m
EDN,19951005,m
EDN,19951006,m
EDN,19951007,m
EDN,19951008,m
EDN,19951009,m
EDN,19951010,m
EDN,19951011,m
EDN,19951012,m
EDN,19951013,m
EDN,19951014,m
EDN,19951015,m
EDN,19951016,m
EDN,19951017,m
EDN,19951018,m
EDN,19951019,m
EDN,19951020,m
EDN,19951021,m
EDN,19951022,m
EDN,19951023,m
EDN,19951024,m
EDN,19951025,m
EDN,19951026,m
EDN,19951027,m
EDN,19951028,m
EDN,19951029,m
EDN,19951030,m
EDN,19951031,m
EDN,19951101,m
EDN,19951102,m
EDN,19951103,m
EDN,19951104,m
EDN,19951105,m
EDN,19951106,m
EDN,19951107,m
EDN,19951108,m
EDN,19951109,m
EDN,19951110,m
EDN,19951111,m
EDN,19951112,m
EDN,19951113,m
EDN,19951114,m
EDN,19951115,m
EDN,19951116,m
EDN,19951117,m
EDN,19951118,m
EDN,19951119,m
EDN,19951120,m
EDN,19951121,m
EDN,19951122,m
EDN,19951123,m
EDN,19951124,m
EDN,19951125,m
EDN,19951126,m
EDN,19951127,m
EDN,19951128,m
EDN,19951129,m
EDN,19951130,m
EDN,19951201,m
EDN,19951202,m
EDN,19951203,m
EDN,19951204,m
EDN,19951205,m
EDN,19951206,m
EDN,19951207,m
EDN,19951208,m
EDN,19951209,m
EDN,19951210,m
EDN,19951211,m
EDN,19951212,m
EDN,19951213,m
EDN,19951214,m
EDN,19951215,m
EDN,19951216,m
EDN,19951217,m
EDN,19951218,m
EDN,19951219,m
EDN,19951220,m
EDN,19951221,m
EDN,19951222,m
EDN,19951223,m
EDN,19951224,m
EDN,19951225,m
EDN,19951226,m
EDN,19951227,m
EDN,19951228,m
EDN,19951229,m
EDN,19951230,m
EDN,19951231,m
EDN,19960101,m
EDN,19960102,m
EDN,19960103,m
EDN,19960104,m
EDN,19960105,m
EDN,19960106,m
EDN,19960107,m
EDN,19960108,m
EDN,19960109,m
EDN,19960110,m
EDN,19960111,m
EDN,19960112,m
EDN,19960113,m
EDN,19960114,m
EDN,19960115,m
EDN,19960116,m
EDN,19960117,m
EDN,19960118,m
EDN,19960119,m
EDN,19960120,m
EDN,19960121,m
EDN,19960122,m
EDN,19960123,m
EDN,19960124,m
EDN,19960125,m
EDN,19960126,m
EDN,19960127,m
EDN,19960128,m
EDN,19960129,m
EDN,19960130,m
EDN,19960131,m
EDN,19960401,m
EDN,19960402,m
EDN,19960403,m
EDN,19960404,m
EDN,19960405,m
EDN,19960406,m
EDN,19960407,m
EDN,19960408,m
EDN,19960409,m
EDN,19960410,m
EDN,19960411,m
EDN,19960412,m
EDN,19960413,m
EDN,19960414,m
EDN,19960415,m
EDN,19960416,m
EDN,19960417,m
EDN,19960418,m
EDN,19960419,m
EDN,19960420,m
EDN,19960421,m
EDN,19960422,m
EDN,19960423,m
EDN,19960424,m
EDN,19960425,m
EDN,19960426,m
EDN,19960427,m
EDN,19960428,m
EDN,19960429,m
EDN,19960430,m
EDN,19960501,m
EDN,19960502,m
EDN,19960503,m
EDN,19960504,m
EDN,19960505,m
EDN,19960506,m
EDN,19960507,m
EDN,19960508,m
EDN,19960509,m
EDN,19960510,m
EDN,19960511,m
EDN,19960512,m
EDN,19960513,m
EDN,19960514,m
EDN,19960515,m
EDN,19960516,m
EDN,19960517,m
EDN,19960518,m
EDN,19960519,m
EDN,19960520,m
EDN,19960521,m
EDN,19960522,m
EDN,19960523,m
EDN,19960524,m
EDN,19960525,m
EDN,19960526,m
EDN,19960527,m
EDN,19960528,m
EDN,19960529,m
EDN,19960530,m
EDN,19960531,m
EDN,19960601,m
EDN,19960602,m
EDN,19960603,m
EDN,19960604,m
EDN,19960605,m
EDN,19960606,m
EDN,19960607,m
EDN,19960608,m
EDN,19960609,m
EDN,19960610,m
EDN,19960611,m
EDN,19960612,m
EDN,19960613,m
EDN,19960614,m
EDN,19960615,m
EDN,19960616,m
EDN,19960617,m
EDN,19960618,m
EDN,19960619,m
EDN,19960620,m
EDN,19960621,m
EDN,19960622,m
EDN,19960623,m
EDN,19960624,m
EDN,19960625,m
EDN,19960626,m
EDN,19960627,m
EDN,19960628,m
EDN,19960629,m
EDN,19960630,m
EDN,19960701,m
EDN,19960702,m
EDN,19960703,m
EDN,19960704,m
EDN,19960705,m
EDN,19960706,m
EDN,19960707,m
EDN,19960708,m
EDN,19960709,m
EDN,19960710,m
EDN,19960711,m
EDN,19960712,m
EDN,19960713,m
EDN,19960714,m
EDN,19960715,m
EDN,19960716,m
EDN,19960717,m
EDN,19960718,m
EDN,19960719,m
EDN,19960720,m
EDN,19960721,m
EDN,19960722,m
EDN,19960723,m
EDN,19960724,m
EDN,19960725,m
EDN,19960726,m
EDN,19960727,m
EDN,19960728,m
EDN,19960729,m
EDN,19960730,0
EDN,19960731,0
EDN,19960801,0
EDN,19960802,0
EDN,19960803,0
EDN,19960804,0
EDN,19960805,0
EDN,19960806,0
EDN,19960807,0
EDN,19960808,0
EDN,19960809,0
EDN,19960810,0
EDN,19960811,0
EDN,19960812,0
EDN,19960813,0
EDN,19960814,0
EDN,19960815,0
EDN,19960816,0
EDN,19960817,0
EDN,19960818,0
EDN,19960819,0
EDN,19960820,0
EDN,19960821,0
EDN,19960822,0
EDN,19960823,0
EDN,19960824,0
EDN,19960825,0
EDN,19960826,0
EDN,19960827,0
EDN,19960828,0
EDN,19960829,0
EDN,19960830,0
EDN,19960831,0
EDN,19960901,0
EDN,19960902,0
EDN,19960903,0
EDN,19960904,0
EDN,19960905,0
EDN,19960906,0
EDN,19960907,0
EDN,19960908,0
EDN,19960909,0
EDN,19960910,0
EDN,19960911,0
EDN,19960912,0
EDN,19960913,0
EDN,19960914,0
EDN,19960915,0
EDN,19960916,0
EDN,19960917,0
EDN,19960918,0
EDN,19960919,0
EDN,19960920,0
EDN,19960921,0
EDN,19960922,0
EDN,19960923,0
EDN,19960924,0
EDN,19960925,0
EDN,19960926,0
EDN,19960927,0
EDN,19960928,0
EDN,19960929,0
EDN,19960930,0
EDN,19961001,0
EDN,19961002,0
EDN,19961003,0
EDN,19961004,0
EDN,19961005,0
EDN,19961006,0
EDN,19961007,0
EDN,19961008,0
EDN,19961009,0
EDN,19961010,0
EDN,19961011,0
EDN,19961012,0
EDN,19961013,0
EDN,19961014,0
EDN,19961015,0
EDN,19961016,0
EDN,19961017,0
EDN,19961018,0
EDN,19961019,0
EDN,19961020,0
EDN,19961021,0
EDN,19961022,0
EDN,19961023,0
EDN,19961024,0
EDN,19961025,0
EDN,19961026,0
EDN,19961027,0
EDN,19961028,0
EDN,19961029,0
EDN,19961030,0
EDN,19961031,0
EDN,19961101,0
EDN,19961102,0
EDN,19961103,0
EDN,19961104,0
EDN,19961105,0
EDN,19961106,0
EDN,19961107,0
EDN,19961108,0
EDN,19961109,0
EDN,19961110,0
EDN,19961111,0
EDN,19961112,0
EDN,19961113,0
EDN,19961114,0
EDN,19961115,0
EDN,19961116,0
EDN,19961117,0
EDN,19961118,0
EDN,19961119,0
EDN,19961120,0
EDN,19961121,0
EDN,19961122,0
EDN,19961123,0
EDN,19961124,0
EDN,19961125,0
EDN,19961126,0
EDN,19961127,0
EDN,19961128,0
EDN,19961129,0
EDN,19961130,0
EDN,19961201,0
EDN,19961202,0
EDN,19961203,0
EDN,19961204,0
EDN,19961205,0
EDN,19961206,0
EDN,19961207,0
EDN,19961208,0
EDN,19961209,0
EDN,19961210,0
EDN,19961211,0
EDN,19961212,0
EDN,19961213,0
EDN,19961214,0
EDN,19961215,0
EDN,19961216,0
EDN,19961217,0
EDN,19961218,0
EDN,19961219,0
EDN,19961220,0
EDN,19961221,0
EDN,19961222,0
EDN,19961223,0
EDN,19961224,0
EDN,19961225,0
EDN,19961226,0
EDN,19961227,0
EDN,19961228,0
EDN,19961229,0
EDN,19961230,0
EDN,19961231,0
EDN,19970101,0
EDN,19970102,0
EDN,19970103,0
EDN,19970104,0
EDN,19970105,0
EDN,19970106,0
EDN,19970107,0
EDN,19970108,0
EDN,19970109,0
EDN,19970110,0
EDN,19970111,0
EDN,19970112,0
EDN,19970113,0
EDN,19970114,0
EDN,19970115,0
EDN,19970116,0
EDN,19970117,0
EDN,19970118,0
EDN,19970119,0
EDN,19970120,0
EDN,19970121,0
EDN,19970122,0
EDN,19970123,0
EDN,19970124,0
EDN,19970125,0
EDN,19970126,0
EDN,19970127,0
EDN,19970128,0
EDN,19970129,0
EDN,19970130,0
EDN,19970131,0
EDN,19970201,0
EDN,19970202,0
EDN,19970203,0
EDN,19970204,0
EDN,19970205,0
EDN,19970206,0
EDN,19970207,0
EDN,19970208,0
EDN,19970209,0
EDN,19970210,0
EDN,19970211,0
EDN,19970212,0
EDN,19970213,0
EDN,19970214,0
EDN,19970215,0
EDN,19970216,0
EDN,19970217,0
EDN,19970218,0
EDN,19970219,0
EDN,19970220,0
EDN,19970221,0
EDN,19970222,0
EDN,19970223,0
EDN,19970224,0
EDN,19970225,0
EDN,19970226,0
EDN,19970227,0
EDN,19970228,0
EDN,19970301,0
EDN,19970302,0
EDN,19970303,0
EDN,19970304,0
EDN,19970305,0
EDN,19970306,0
EDN,19970307,0
EDN,19970308,0
EDN,19970309,0
EDN,19970310,0
EDN,19970311,0
EDN,19970312,0
EDN,19970313,0
EDN,19970314,0
EDN,19970315,0
EDN,19970316,0
EDN,19970317,0
EDN,19970318,0
EDN,19970319,0
EDN,19970320,0
EDN,19970321,0
EDN,19970322,0
EDN,19970323,0
EDN,19970324,0
EDN,19970325,0
EDN,19970326,0
EDN,19970327,0
EDN,19970328,0
EDN,19970329,0
EDN,19970330,0
EDN,19970331,0
EDN,19970401,0
EDN,19970402,0
EDN,19970403,0
EDN,19970404,0
EDN,19970405,0
EDN,19970406,0
EDN,19970407,0
EDN,19970408,0
EDN,19970409,0
EDN,19970410,0
EDN,19970411,0
EDN,19970412,0
EDN,19970413,0
EDN,19970414,0
EDN,19970415,0
EDN,19970416,0
EDN,19970417,0
EDN,19970418,0
EDN,19970419,0
EDN,19970420,0
EDN,19970421,0
EDN,19970422,0
EDN,19970423,0
EDN,19970424,0
EDN,19970425,0
EDN,19970426,0
EDN,19970427,0
EDN,19970428,0
EDN,19970429,0
EDN,19970430,0
EDN,19970501,0
EDN,19970502,0
EDN,19970503,0
EDN,19970504,0
EDN,19970505,0
EDN,19970506,0
EDN,19970507,0
EDN,19970508,0
EDN,19970509,0
EDN,19970510,0
EDN,19970511,0
EDN,19970512,0
EDN,19970513,0
EDN,19970514,0
EDN,19970515,0
EDN,19970516,0
EDN,19970517,0
EDN,19970518,0
EDN,19970519,0
EDN,19970520,0
EDN,19970521,0
EDN,19970522,0
EDN,19970523,0
EDN,19970524,0
EDN,19970525,0
EDN,19970526,0
EDN,19970527,0
EDN,19970528,0
EDN,19970529,0
EDN,19970530,0
EDN,19970531,0
EDN,19970601,0
EDN,19970602,0
EDN,19970603,0
EDN,19970604,0
EDN,19970605,0
EDN,19970606,0
EDN,19970607,0
EDN,19970608,0
EDN,19970609,0
EDN,19970610,0
EDN,19970611,0
EDN,19970612,0
EDN,19970613,0
EDN,19970614,0
EDN,19970615,0
EDN,19970616,0
EDN,19970617,0
EDN,19970618,0
EDN,19970619,0
EDN,19970620,0
EDN,19970621,0
EDN,19970622,0
EDN,19970623,0
EDN,19970624,0
EDN,19970625,0
EDN,19970626,0
EDN,19970627,0
EDN,19970628,0
EDN,19970629,0
EDN,19970630,0
EDN,19970701,0
EDN,19970702,0
EDN,19970703,0
EDN,19970704,0
EDN,19970705,0
EDN,19970706,0
EDN,19970707,0
EDN,19970708,0
EDN,19970709,0
EDN,19970710,0
EDN,19970711,0
EDN,19970712,0
EDN,19970713,0
EDN,19970714,0
EDN,19970715,0
EDN,19970716,0
EDN,19970717,0
EDN,19970718,0
EDN,19970719,0
EDN,19970720,0
EDN,19970721,0
EDN,19970722,0
EDN,19970723,0
EDN,19970724,0
EDN,19970725,0
EDN,19970726,0
EDN,19970727,0
EDN,19970728,0
EDN,19970729,0
EDN,19970730,0
EDN,19970731,0
EDN,19970801,0
EDN,19970802,0
EDN,19970803,0
EDN,19970804,0
EDN,19970805,0
EDN,19970806,0
EDN,19970807,0
EDN,19970808,0
EDN,19970809,0
EDN,19970810,0
EDN,19970811,0
EDN,19970812,0
EDN,19970813,0
EDN,19970814,0
EDN,19970815,0
EDN,19970816,0
EDN,19970817,0
EDN,19970818,0
EDN,19970819,0
EDN,19970820,0
EDN,19970821,0
EDN,19970822,0
EDN,19970823,0
EDN,19970824,0
EDN,19970825,0
EDN,19970826,0
EDN,19970827,0
EDN,19970828,0
EDN,19970829,0
EDN,19970830,0
EDN,19970831,0
EDN,19970901,0
EDN,19970902,0
EDN,19970903,0
EDN,19970904,0
EDN,19970905,0
EDN,19970906,0
EDN,19970907,0
EDN,19970908,0
EDN,19970909,0
EDN,19970910,0
EDN,19970911,0
EDN,19970912,0
EDN,19970913,0
EDN,19970914,0
EDN,19970915,0
EDN,19970916,0
EDN,19970917,0
EDN,19970918,0
EDN,19970919,0
EDN,19970920,0
EDN,19970921,0
EDN,19970922,0
EDN,19970923,0
EDN,19970924,0
EDN,19970925,0
EDN,19970926,0
EDN,19970927,0
EDN,19970928,0
EDN,19970929,0
EDN,19970930,0
EDN,19971001,0
EDN,19971002,0
EDN,19971003,0
EDN,19971004,0
EDN,19971005,0
EDN,19971006,0
EDN,19971007,0
EDN,19971008,0
EDN,19971009,0
EDN,19971010,0
EDN,19971011,0
EDN,19971012,0
EDN,19971013,0
EDN,19971014,0
EDN,19971015,0
EDN,19971016,0
EDN,19971017,0
EDN,19971018,0
EDN,19971019,0
EDN,19971020,0
EDN,19971021,0
EDN,19971022,0
EDN,19971023,0
EDN,19971024,0
EDN,19971025,0
EDN,19971026,0
EDN,19971027,0
EDN,19971028,0
EDN,19971029,0
EDN,19971030,0
EDN,19971031,0
EDN,19971101,0
EDN,19971102,0
EDN,19971103,0
EDN,19971104,0
EDN,19971105,0
EDN,19971106,0
EDN,19971107,0
EDN,19971108,0
EDN,19971109,0
EDN,19971110,0
EDN,19971111,0
EDN,19971112,0
EDN,19971113,0
EDN,19971114,0
EDN,19971115,0
EDN,19971116,0
EDN,19971117,0
EDN,19971118,0
EDN,19971119,0
EDN,19971120,0
EDN,19971121,0
EDN,19971122,0
EDN,19971123,0
EDN,19971124,0
EDN,19971125,0
EDN,19971126,0
EDN,19971127,0
EDN,19971128,0
EDN,19971129,0
EDN,19971130,0
EDN,19971201,0
EDN,19971202,0
EDN,19971203,0
EDN,19971204,0
EDN,19971205,0
EDN,19971206,0
EDN,19971207,0
EDN,19971208,0
EDN,19971209,0
EDN,19971210,0
EDN,19971211,0
EDN,19971212,0
EDN,19971213,0
EDN,19971214,0
EDN,19971215,0
EDN,19971216,0
EDN,19971217,0
EDN,19971218,0
EDN,19971219,0
EDN,19971220,0
EDN,19971221,0
EDN,19971222,0
EDN,19971223,0
EDN,19971224,0
EDN,19971225,0
EDN,19971226,0
EDN,19971227,0
EDN,19971228,0
EDN,19971229,0
EDN,19971230,0
EDN,19971231,0
EDN,19980101,0
EDN,19980102,0
EDN,19980103,0
EDN,19980104,0
EDN,19980105,0
EDN,19980106,0
EDN,19980107,0
EDN,19980108,0
EDN,19980109,0
EDN,19980110,0
EDN,19980111,0
EDN,19980112,0
EDN,19980113,0
EDN,19980114,0
EDN,19980115,0
EDN,19980116,0
EDN,19980117,0
EDN,19980118,0
EDN,19980119,0
EDN,19980120,0
EDN,19980121,0
EDN,19980122,0
EDN,19980123,0
EDN,19980124,0
EDN,19980125,0
EDN,19980126,0
EDN,19980127,0
EDN,19980128,0
EDN,19980129,0
EDN,19980130,0
EDN,19980131,0
EDN,19980201,0
EDN,19980202,0
EDN,19980203,0
EDN,19980204,0
EDN,19980205,0
EDN,19980206,0
EDN,19980207,0
EDN,19980208,0
EDN,19980209,0
EDN,19980210,0
EDN,19980211,0
EDN,19980212,0
EDN,19980213,0
EDN,19980214,0
EDN,19980215,0
EDN,19980216,0
EDN,19980217,0
EDN,19980218,0
EDN,19980219,0
EDN,19980220,0
EDN,19980221,0
EDN,19980222,0
EDN,19980223,0
EDN,19980224,0
EDN,19980225,0
EDN,19980226,0
EDN,19980227,0
EDN,19980228,0
EDN,19980301,0
EDN,19980302,0
EDN,19980303,0
EDN,19980304,0
EDN,19980305,0
EDN,19980306,0
EDN,19980307,0
EDN,19980308,0
EDN,19980309,0
EDN,19980310,0
EDN,19980311,0
EDN,19980312,0
EDN,19980313,0
EDN,19980314,0
EDN,19980315,0
EDN,19980316,0
EDN,19980317,0
EDN,19980318,0
EDN,19980319,0
EDN,19980320,0
EDN,19980321,0
EDN,19980322,0
EDN,19980323,0
EDN,19980324,0
EDN,19980325,0
EDN,19980326,0
EDN,19980327,0
EDN,19980328,0
EDN,19980329,0
EDN,19980330,0
EDN,19980331,0
EDN,19980401,0
EDN,19980402,0
EDN,19980403,0
EDN,19980404,0
EDN,19980405,0
EDN,19980406,0
EDN,19980407,0
EDN,19980408,0
EDN,19980409,0
EDN,19980410,0
EDN,19980411,0
EDN,19980412,0
EDN,19980413,0
EDN,19980414,0
EDN,19980415,0
EDN,19980416,0
EDN,19980417,0
EDN,19980418,0
EDN,19980419,0
EDN,19980420,0
EDN,19980421,0
EDN,19980422,0
EDN,19980423,0
EDN,19980424,0
EDN,19980425,0
EDN,19980426,0
EDN,19980427,0
EDN,19980428,0
EDN,19980429,0
EDN,19980430,0
EDN,19980501,0
EDN,19980502,0
EDN,19980503,0
EDN,19980504,0
EDN,19980505,0
EDN,19980506,0
EDN,19980507,0
EDN,19980508,0
EDN,19980509,0
EDN,19980510,0
EDN,19980511,0
EDN,19980512,0
EDN,19980513,0
EDN,19980514,0
EDN,19980515,0
EDN,19980516,0
EDN,19980517,0
EDN,19980518,0
EDN,19980519,m
EDN,19980520,m
EDN,19980521,m
EDN,19980522,0
EDN,19980523,0
EDN,19980524,0
EDN,19980525,0
EDN,19980526,0
EDN,19980527,0
EDN,19980528,0
EDN,19980529,0
EDN,19980530,0
EDN,19980531,0
EDN,19980601,0
EDN,19980602,0
EDN,19980603,0
EDN,19980604,0
EDN,19980605,0
EDN,19980606,0
EDN,19980607,0
EDN,19980608,0
EDN,19980609,0
EDN,19980610,0
EDN,19980611,0
EDN,19980612,0
EDN,19980613,0
EDN,19980614,0
EDN,19980615,0
EDN,19980616,0
EDN,19980617,0
EDN,19980618,0
EDN,19980619,0
EDN,19980620,0
EDN,19980621,0
EDN,19980622,0
EDN,19980623,0
EDN,19980624,0
EDN,19980625,0
EDN,19980626,0
EDN,19980627,0
EDN,19980628,0
EDN,19980629,0
EDN,19980630,0
EDN,19980701,0
EDN,19980702,0
EDN,19980703,0
EDN,19980704,0
EDN,19980705,0
EDN,19980706,0
EDN,19980707,0
EDN,19980708,0
EDN,19980709,0
EDN,19980710,0
EDN,19980711,0
EDN,19980712,0
EDN,19980713,0
EDN,19980714,0
EDN,19980715,0
EDN,19980716,0
EDN,19980717,0
EDN,19980718,0
EDN,19980719,0
EDN,19980720,0
EDN,19980721,0
EDN,19980722,0
EDN,19980723,0
EDN,19980724,0
EDN,19980725,0
EDN,19980726,0
EDN,19980727,0
EDN,19980728,0
EDN,19980729,0
EDN,19980730,0
EDN,19980731,0
EDN,19980801,0
EDN,19980802,0
EDN,19980803,0
EDN,19980804,0
EDN,19980805,0
EDN,19980806,0
EDN,19980807,0
EDN,19980808,0
EDN,19980809,0
EDN,19980810,0
EDN,19980811,0
EDN,19980812,0
EDN,19980813,0
EDN,19980814,0
EDN,19980815,0
EDN,19980816,0
EDN,19980817,0
EDN,19980818,0
EDN,19980819,0
EDN,19980820,0
EDN,19980821,0
EDN,19980822,0
EDN,19980823,0
EDN,19980824,0
EDN,19980825,0
EDN,19980826,0
EDN,19980827,0
EDN,19980828,0
EDN,19980829,0
EDN,19980830,0
EDN,19980831,m
EDN,19980901,m
EDN,19980902,m
EDN,19980903,m
EDN,19980904,m
EDN,19980905,m
EDN,19980906,m
EDN,19980907,0
EDN,19980908,0
EDN,19980909,0
EDN,19980910,0
EDN,19980911,0
EDN,19980912,0
EDN,19980913,0
EDN,19980914,m
EDN,19980915,0
EDN,19980916,0
EDN,19980917,0
EDN,19980918,0
EDN,19980919,0
EDN,19980920,0
EDN,19980921,m
EDN,19980922,m
EDN,19980923,m
EDN,19980924,0
EDN,19980925,0
EDN,19980926,0
EDN,19980927,0
EDN,19980928,m
EDN,19980929,0
EDN,19980930,0
EDN,19981001,0
EDN,19981002,0
EDN,19981003,0
EDN,19981004,0
EDN,19981005,0
EDN,19981006,0
EDN,19981007,0
EDN,19981008,0
EDN,19981009,0
EDN,19981010,0
EDN,19981011,0
EDN,19981012,0
EDN,19981013,0
EDN,19981014,0
EDN,19981015,0
EDN,19981016,0
EDN,19981017,0
EDN,19981018,0
EDN,19981019,0
EDN,19981020,0
EDN,19981021,0
EDN,19981022,0
EDN,19981023,0
EDN,19981024,0
EDN,19981025,0
EDN,19981026,0
EDN,19981027,0
EDN,19981028,0
EDN,19981029,0
EDN,19981030,0
EDN,19981031,0
EDN,19981101,0
EDN,19981102,0
EDN,19981103,0
EDN,19981104,0
EDN,19981105,0
EDN,19981106,0
EDN,19981107,0
EDN,19981108,0
EDN,19981109,0
EDN,19981110,0
EDN,19981111,0
EDN,19981112,0
EDN,19981113,0
EDN,19981114,0
EDN,19981115,0
EDN,19981116,0
EDN,19981117,0
EDN,19981118,0
EDN,19981119,0
EDN,19981120,0
EDN,19981121,0
EDN,19981122,0
EDN,19981123,0
EDN,19981124,0
EDN,19981125,0
EDN,19981126,0
EDN,19981127,0
EDN,19981128,0
EDN,19981129,0
EDN,19981130,m
EDN,19981201,0
EDN,19981202,0
EDN,19981203,0
EDN,19981204,0
EDN,19981205,0
EDN,19981206,0
EDN,19981207,m
EDN,19981208,0
EDN,19981209,0
EDN,19981210,0
EDN,19981211,0
EDN,19981212,0
EDN,19981213,0
EDN,19981214,0
EDN,19981215,0
EDN,19981216,0
EDN,19981217,0
EDN,19981218,0
EDN,19981219,0
EDN,19981220,0
EDN,19981221,m
EDN,19981222,m
EDN,19981223,m
EDN,19981224,m
EDN,19981225,m
EDN,19981226,m
EDN,19981227,m
EDN,19981228,0
EDN,19981229,0
EDN,19981230,0
EDN,19981231,0
EDN,19990101,0
EDN,19990102,0
EDN,19990103,0
EDN,19990104,0
EDN,19990105,0
EDN,19990106,0
EDN,19990107,0
EDN,19990108,0
EDN,19990109,0
EDN,19990110,0
EDN,19990111,0
EDN,19990112,0
EDN,19990113,0
EDN,19990114,0
EDN,19990115,0
EDN,19990116,0
EDN,19990117,0
EDN,19990118,0
EDN,19990119,0
EDN,19990120,0
EDN,19990121,0
EDN,19990122,0
EDN,19990123,0
EDN,19990124,0
EDN,19990125,0
EDN,19990126,0
EDN,19990127,0
EDN,19990128,0
EDN,19990129,0
EDN,19990130,0
EDN,19990131,0
EDN,19990201,0
EDN,19990202,0
EDN,19990203,0
EDN,19990204,0
EDN,19990205,0
EDN,19990206,0
EDN,19990207,0
EDN,19990208,0
EDN,19990209,0
EDN,19990210,0
EDN,19990211,0
EDN,19990212,0
EDN,19990213,0
EDN,19990214,0
EDN,19990215,0
EDN,19990216,0
EDN,19990217,0
EDN,19990218,0
EDN,19990219,0
EDN,19990220,0
EDN,19990221,0
EDN,19990222,0
EDN,19990223,0
EDN,19990224,0
EDN,19990225,0
EDN,19990226,0
EDN,19990227,0
EDN,19990228,0
EDN,19990301,0
EDN,19990302,0
EDN,19990303,0
EDN,19990304,0
EDN,19990305,0
EDN,19990306,0
EDN,19990307,0
EDN,19990308,0
EDN,19990309,0
EDN,19990310,0
EDN,19990311,0
EDN,19990312,0
EDN,19990313,0
EDN,19990314,0
EDN,19990315,0
EDN,19990316,0
EDN,19990317,0
EDN,19990318,0
EDN,19990319,0
EDN,19990320,0
EDN,19990321,0
EDN,19990322,0
EDN,19990323,0
EDN,19990324,0
EDN,19990325,0
EDN,19990326,0
EDN,19990327,0
EDN,19990328,0
EDN,19990329,0
EDN,19990330,0
EDN,19990331,0
EDN,19990401,0
EDN,19990402,0
EDN,19990403,0
EDN,19990404,0
EDN,19990405,0
EDN,19990406,0
EDN,19990407,0
EDN,19990408,0
EDN,19990409,0
EDN,19990410,0
EDN,19990411,0
EDN,19990412,0
EDN,19990413,0
EDN,19990414,0
EDN,19990415,0
EDN,19990416,0
EDN,19990417,0
EDN,19990418,0
EDN,19990419,0
EDN,19990420,0
EDN,19990421,0
EDN,19990422,0
EDN,19990423,0
EDN,19990424,0
EDN,19990425,0
EDN,19990426,0
EDN,19990427,0
EDN,19990428,0
EDN,19990429,0
EDN,19990430,0
EDN,19990501,0
EDN,19990502,0
EDN,19990503,0
EDN,19990504,0
EDN,19990505,0
EDN,19990506,0
EDN,19990507,0
EDN,19990508,0
EDN,19990509,0
EDN,19990510,0
EDN,19990511,0
EDN,19990512,0
EDN,19990513,0
EDN,19990514,0
EDN,19990515,0
EDN,19990516,0
EDN,19990517,0
EDN,19990518,0
EDN,19990519,0
EDN,19990520,0
EDN,19990521,0
EDN,19990522,0
EDN,19990523,0
EDN,19990524,0
EDN,19990525,0
EDN,19990526,0
EDN,19990527,0
EDN,19990528,0
EDN,19990529,0
EDN,19990530,0
EDN,19990531,0
EDN,19990601,0
EDN,19990602,0
EDN,19990603,0
EDN,19990604,0
EDN,19990605,0
EDN,19990606,0
EDN,19990607,0
EDN,19990608,0
EDN,19990609,0
EDN,19990610,0
EDN,19990611,0
EDN,19990612,0
EDN,19990613,0
EDN,19990614,0
EDN,19990615,0
EDN,19990616,0
EDN,19990617,0
EDN,19990618,0
EDN,19990619,0
EDN,19990620,0
EDN,19990621,0
EDN,19990622,0
EDN,19990623,0
EDN,19990624,0
EDN,19990625,0
EDN,19990626,0
EDN,19990627,0
EDN,19990628,0
EDN,19990629,0
EDN,19990630,0
EDN,19990701,0
EDN,19990702,0
EDN,19990703,0
EDN,19990704,0
EDN,19990705,0
EDN,19990706,0
EDN,19990707,0
EDN,19990708,0
EDN,19990709,0
EDN,19990710,0
EDN,19990711,0
EDN,19990712,0
EDN,19990713,0
EDN,19990714,0
EDN,19990715,0
EDN,19990716,0
EDN,19990717,0
EDN,19990718,0
EDN,19990719,0
EDN,19990720,0
EDN,19990721,0
EDN,19990722,0
EDN,19990723,0
EDN,19990724,0
EDN,19990725,0
EDN,19990726,0
EDN,19990727,0
EDN,19990728,0
EDN,19990729,0
EDN,19990730,0
EDN,19990731,0
EDN,19990801,0
EDN,19990802,0
EDN,19990803,0
EDN,19990804,0
EDN,19990805,0
EDN,19990806,0
EDN,19990807,0
EDN,19990808,0
EDN,19990809,0
EDN,19990810,0
EDN,19990811,0
EDN,19990812,0
EDN,19990813,0
EDN,19990814,0
EDN,19990815,0
EDN,19990816,0
EDN,19990817,0
EDN,19990818,0
EDN,19990819,0
EDN,19990820,0
EDN,19990821,0
EDN,19990822,0
EDN,19990823,0
EDN,19990824,0
EDN,19990825,0
EDN,19990826,0
EDN,19990827,0
EDN,19990828,0
EDN,19990829,0
EDN,19990830,0
EDN,19990831,0
EDN,19990901,0
EDN,19990902,0
EDN,19990903,0
EDN,19990904,0
EDN,19990905,0
EDN,19990906,0
EDN,19990907,0
EDN,19990908,0
EDN,19990909,0
EDN,19990910,0
EDN,19990911,0
EDN,19990912,0
EDN,19990913,0
EDN,19990914,0
EDN,19990915,0
EDN,19990916,0
EDN,19990917,0
EDN,19990918,0
EDN,19990919,0
EDN,19990920,0
EDN,19990921,0
EDN,19990922,0
EDN,19990923,0
EDN,19990924,0
EDN,19990925,0
EDN,19990926,0
EDN,19990927,0
EDN,19990928,0
EDN,19990929,0
EDN,19990930,0
EDN,19991001,0
EDN,19991002,0
EDN,19991003,0
EDN,19991004,0
EDN,19991005,0
EDN,19991006,0
EDN,19991007,0
EDN,19991008,0
EDN,19991009,0
EDN,19991010,0
EDN,19991011,0
EDN,19991012,0
EDN,19991013,0
EDN,19991014,0
EDN,19991015,0
EDN,19991016,0
EDN,19991017,0
EDN,19991018,0
EDN,19991019,0
EDN,19991020,0
EDN,19991021,0
EDN,19991022,0
EDN,19991023,0
EDN,19991024,0
EDN,19991025,0
EDN,19991026,0
EDN,19991027,0
EDN,19991028,0
EDN,19991029,0
EDN,19991030,0
EDN,19991031,0
EDN,19991101,0
EDN,19991102,0
EDN,19991103,0
EDN,19991104,0
EDN,19991105,0
EDN,19991106,0
EDN,19991107,0
EDN,19991108,0
EDN,19991109,0
EDN,19991110,0
EDN,19991111,0
EDN,19991112,0
EDN,19991113,0
EDN,19991114,0
EDN,19991115,0
EDN,19991116,0
EDN,19991117,0
EDN,19991118,0
EDN,19991119,0
EDN,19991120,0
EDN,19991121,0
EDN,19991122,0
EDN,19991123,0
EDN,19991124,0
EDN,19991125,0
EDN,19991126,0
EDN,19991127,0
EDN,19991128,0
EDN,19991129,0
EDN,19991130,0
EDN,19991201,0
EDN,19991202,0
EDN,19991203,0
EDN,19991204,0
EDN,19991205,0
EDN,19991206,0
EDN,19991207,0
EDN,19991208,0
EDN,19991209,0
EDN,19991210,0
EDN,19991211,0
EDN,19991212,0
EDN,19991213,0
EDN,19991214,0
EDN,19991215,0
EDN,19991216,0
EDN,19991217,0
EDN,19991218,0
EDN,19991219,0
EDN,19991220,0
EDN,19991221,0
EDN,19991222,0
EDN,19991223,0
EDN,19991224,0
EDN,19991225,0
EDN,19991226,0
EDN,19991227,0
EDN,19991228,0
EDN,19991229,0
EDN,19991230,0
EDN,19991231,0
EDN,20000101,0
EDN,20000102,0
EDN,20000103,0
EDN,20000104,0
EDN,20000105,0
EDN,20000106,0
EDN,20000107,0
EDN,20000108,0
EDN,20000109,0
EDN,20000110,0
EDN,20000111,0
EDN,20000112,0
EDN,20000113,0
EDN,20000114,0
EDN,20000115,0
EDN,20000116,0
EDN,20000117,0
EDN,20000118,0
EDN,20000119,0
EDN,20000120,0
EDN,20000121,0
EDN,20000122,0
EDN,20000123,0
EDN,20000124,0
EDN,20000125,0
EDN,20000126,0
EDN,20000127,0
EDN,20000128,0
EDN,20000129,0
EDN,20000130,0
EDN,20000131,0
EDN,20000201,0
EDN,20000202,0
EDN,20000203,0
EDN,20000204,0
EDN,20000205,0
EDN,20000206,0
EDN,20000207,0
EDN,20000208,0
EDN,20000209,0
EDN,20000210,0
EDN,20000211,0
EDN,20000212,0
EDN,20000213,0
EDN,20000214,0
EDN,20000215,0
EDN,20000216,0
EDN,20000217,0
EDN,20000218,0
EDN,20000219,0
EDN,20000220,0
EDN,20000221,0
EDN,20000222,0
EDN,20000223,0
EDN,20000224,0
EDN,20000225,0
EDN,20000226,0
EDN,20000227,0
EDN,20000228,0
EDN,20000229,0
EDN,20000301,0
EDN,20000302,0
EDN,20000303,0
EDN,20000304,0
EDN,20000305,0
EDN,20000306,0
EDN,20000307,0
EDN,20000308,0
EDN,20000309,0
EDN,20000310,0
EDN,20000311,0
EDN,20000312,0
EDN,20000313,0
EDN,20000314,0
EDN,20000315,0
EDN,20000316,0
EDN,20000317,0
EDN,20000318,0
EDN,20000319,0
EDN,20000320,0
EDN,20000321,0
EDN,20000322,0
EDN,20000323,0
EDN,20000324,0
EDN,20000325,0
EDN,20000326,0
EDN,20000327,0
EDN,20000328,0
EDN,20000329,0
EDN,20000330,0
EDN,20000331,0
EDN,20000401,0
EDN,20000402,0
EDN,20000403,0
EDN,20000404,0
EDN,20000405,0
EDN,20000406,0
EDN,20000407,0
EDN,20000408,0
EDN,20000409,0
EDN,20000410,0
EDN,20000411,0
EDN,20000412,0
EDN,20000413,0
EDN,20000414,0
EDN,20000415,0
EDN,20000416,0
EDN,20000417,0
EDN,20000418,0
EDN,20000419,0
EDN,20000420,0
EDN,20000421,0
EDN,20000422,0
EDN,20000423,0
EDN,20000424,0
EDN,20000425,0
EDN,20000426,0
EDN,20000427,0
EDN,20000428,0
EDN,20000429,0
EDN,20000430,0
EDN,20000501,0
EDN,20000502,0
EDN,20000503,0
EDN,20000504,0
EDN,20000505,0
EDN,20000506,0
EDN,20000507,0
EDN,20000508,0
EDN,20000509,0
EDN,20000510,0
EDN,20000511,0
EDN,20000512,0
EDN,20000513,0
EDN,20000514,0
EDN,20000515,0
EDN,20000516,0
EDN,20000517,0
EDN,20000518,0
EDN,20000519,0
EDN,20000520,0
EDN,20000521,0
EDN,20000522,0
EDN,20000523,0
EDN,20000524,0
EDN,20000525,0
EDN,20000526,0
EDN,20000527,0
EDN,20000528,0
EDN,20000529,0
EDN,20000530,0
EDN,20000531,0
EDN,20000601,0
EDN,20000602,0
EDN,20000603,0
EDN,20000604,0
EDN,20000605,0
EDN,20000606,0
EDN,20000607,0
EDN,20000608,0
EDN,20000609,0
EDN,20000610,0
EDN,20000611,0
EDN,20000612,0
EDN,20000613,0
EDN,20000614,0
EDN,20000615,0
EDN,20000616,0
EDN,20000617,0
EDN,20000618,0
EDN,20000619,0
EDN,20000620,0
EDN,20000621,0
EDN,20000622,0
EDN,20000623,0
EDN,20000624,0
EDN,20000625,0
EDN,20000626,0
EDN,20000627,0
EDN,20000628,0
EDN,20000629,0
EDN,20000630,0
EDN,20000701,0
EDN,20000702,0
EDN,20000703,0
EDN,20000704,0
EDN,20000705,0
EDN,20000706,0
EDN,20000707,0
EDN,20000708,0
EDN,20000709,0
EDN,20000710,0
EDN,20000711,0
EDN,20000712,0
EDN,20000713,0
EDN,20000714,0
EDN,20000715,0
EDN,20000716,0
EDN,20000717,0
EDN,20000718,0
EDN,20000719,0
EDN,20000720,0
EDN,20000721,0
EDN,20000722,0
EDN,20000723,0
EDN,20000724,0
EDN,20000725,0
EDN,20000726,0
EDN,20000727,0
EDN,20000728,0
EDN,20000729,0
EDN,20000730,0
EDN,20000731,0
EDN,20000801,0
EDN,20000802,0
EDN,20000803,0
EDN,20000804,0
EDN,20000805,0
EDN,20000806,0
EDN,20000807,0
EDN,20000808,0
EDN,20000809,0
EDN,20000810,0
EDN,20000811,0
EDN,20000812,0
EDN,20000813,0
EDN,20000814,0
EDN,20000815,0
EDN,20000816,0
EDN,20000817,0
EDN,20000818,0
EDN,20000819,0
EDN,20000820,0
EDN,20000821,0
EDN,20000822,0
EDN,20000823,0
EDN,20000824,0
EDN,20000825,0
EDN,20000826,0
EDN,20000827,0
EDN,20000828,0
EDN,20000829,0
EDN,20000830,0
EDN,20000831,0
EDN,20000901,0
EDN,20000902,0
EDN,20000903,0
EDN,20000904,0
EDN,20000905,0
EDN,20000906,0
EDN,20000907,0
EDN,20000908,0
EDN,20000909,0
EDN,20000910,0
EDN,20000911,0
EDN,20000912,0
EDN,20000913,0
EDN,20000914,0
EDN,20000915,0
EDN,20000916,0
EDN,20000917,0
EDN,20000918,0
EDN,20000919,0
EDN,20000920,0
EDN,20000921,0
EDN,20000922,0
EDN,20000923,0
EDN,20000924,0
EDN,20000925,0
EDN,20000926,0
EDN,20000927,0
EDN,20000928,0
EDN,20000929,0
EDN,20000930,0
EDN,20001001,0
EDN,20001002,0
EDN,20001003,0
EDN,20001004,0
EDN,20001005,0
EDN,20001006,0
EDN,20001007,0
EDN,20001008,0
EDN,20001009,0
EDN,20001010,0
EDN,20001011,0
EDN,20001012,0
EDN,20001013,0
EDN,20001014,0
EDN,20001015,0
EDN,20001016,0
EDN,20001017,0
EDN,20001018,0
EDN,20001019,0
EDN,20001020,0
EDN,20001021,0
EDN,20001022,0
EDN,20001023,0
EDN,20001024,0
EDN,20001025,0
EDN,20001026,0
EDN,20001027,0
EDN,20001028,0
EDN,20001029,0
EDN,20001030,0
EDN,20001031,0
EDN,20001101,0
EDN,20001102,0
EDN,20001103,0
EDN,20001104,0
EDN,20001105,0
EDN,20001106,0
EDN,20001107,0
EDN,20001108,0
EDN,20001109,0
EDN,20001110,0
EDN,20001111,0
EDN,20001112,0
EDN,20001113,0
EDN,20001114,0
EDN,20001115,0
EDN,20001116,0
EDN,20001117,0
EDN,20001118,0
EDN,20001119,0
EDN,20001120,0
EDN,20001121,0
EDN,20001122,0
EDN,20001123,0
EDN,20001124,0
EDN,20001125,0
EDN,20001126,0
EDN,20001127,0
EDN,20001128,0
EDN,20001129,0
EDN,20001130,0
EDN,20001201,m
EDN,20001202,m
EDN,20001203,m
EDN,20001204,m
EDN,20001205,m
EDN,20001206,m
EDN,20001207,m
EDN,20001208,m
EDN,20001209,m
EDN,20001210,m
EDN,20001211,m
EDN,20001212,m
EDN,20001213,m
EDN,20001214,m
EDN,20001215,m
EDN,20001216,m
EDN,20001217,m
EDN,20001218,m
EDN,20001219,m
EDN,20001220,m
EDN,20001221,m
EDN,20001222,m
EDN,20001223,m
EDN,20001224,m
EDN,20001225,m
EDN,20001226,m
EDN,20001227,m
EDN,20001228,m
EDN,20001229,m
EDN,20001230,m
EDN,20001231,m
EDN,20010101,m
EDN,20010102,m
EDN,20010103,m
EDN,20010104,m
EDN,20010105,m
EDN,20010106,m
EDN,20010107,m
EDN,20010108,m
EDN,20010109,m
EDN,20010110,m
EDN,20010111,m
EDN,20010112,m
EDN,20010113,m
EDN,20010114,m
EDN,20010115,m
EDN,20010116,m
EDN,20010117,m
EDN,20010118,m
EDN,20010119,m
EDN,20010120,m
EDN,20010121,m
EDN,20010122,m
EDN,20010123,m
EDN,20010124,m
EDN,20010125,m
EDN,20010126,m
EDN,20010127,m
EDN,20010128,m
EDN,20010129,m
EDN,20010130,m
EDN,20010131,m
EDN,20010201,m
EDN,20010202,m
EDN,20010203,m
EDN,20010204,m
EDN,20010205,m
EDN,20010206,m
EDN,20010207,m
EDN,20010208,m
EDN,20010209,m
EDN,20010210,m
EDN,20010211,m
EDN,20010212,m
EDN,20010213,m
EDN,20010214,m
EDN,20010215,m
EDN,20010216,m
EDN,20010217,m
EDN,20010218,m
EDN,20010219,m
EDN,20010220,m
EDN,20010221,m
EDN,20010222,m
EDN,20010223,m
EDN,20010224,m
EDN,20010225,m
EDN,20010226,m
EDN,20010227,m
EDN,20010228,m
EDN,20010301,m
EDN,20010302,m
EDN,20010303,m
EDN,20010304,m
EDN,20010305,m
EDN,20010306,m
EDN,20010307,m
EDN,20010308,m
EDN,20010309,m
EDN,20010310,m
EDN,20010311,m
EDN,20010312,m
EDN,20010313,m
EDN,20010314,m
EDN,20010315,m
EDN,20010316,m
EDN,20010317,m
EDN,20010318,m
EDN,20010319,m
EDN,20010320,m
EDN,20010321,m
EDN,20010322,m
EDN,20010323,m
EDN,20010324,m
EDN,20010325,m
EDN,20010326,m
EDN,20010327,m
EDN,20010328,m
EDN,20010329,m
EDN,20010330,m
EDN,20010331,m
EDN,20010401,m
EDN,20010402,m
EDN,20010403,m
EDN,20010404,m
EDN,20010405,m
EDN,20010406,m
EDN,20010407,m
EDN,20010408,m
EDN,20010409,m
EDN,20010410,m
EDN,20010411,m
EDN,20010412,m
EDN,20010413,m
EDN,20010414,m
EDN,20010415,m
EDN,20010416,m
EDN,20010417,m
EDN,20010418,m
EDN,20010419,m
EDN,20010420,m
EDN,20010421,m
EDN,20010422,m
EDN,20010423,m
EDN,20010424,m
EDN,20010425,m
EDN,20010426,m
EDN,20010427,m
EDN,20010428,m
EDN,20010429,m
EDN,20010430,m
EDN,20010501,m
EDN,20010502,m
EDN,20010503,m
EDN,20010504,m
EDN,20010505,m
EDN,20010506,m
EDN,20010507,m
EDN,20010508,m
EDN,20010509,m
EDN,20010510,m
EDN,20010511,m
EDN,20010512,m
EDN,20010513,m
EDN,20010514,m
EDN,20010515,m
EDN,20010516,m
EDN,20010517,m
EDN,20010518,m
EDN,20010519,m
EDN,20010520,m
EDN,20010521,m
EDN,20010522,m
EDN,20010523,m
EDN,20010524,m
EDN,20010525,m
EDN,20010526,m
EDN,20010527,m
EDN,20010528,m
EDN,20010529,m
EDN,20010530,m
EDN,20010531,m
EDN,20010601,m
EDN,20010602,m
EDN,20010603,m
EDN,20010604,m
EDN,20010605,m
EDN,20010606,m
EDN,20010607,m
EDN,20010608,m
EDN,20010609,m
EDN,20010610,m
EDN,20010611,m
EDN,20010612,m
EDN,20010613,m
EDN,20010614,m
EDN,20010615,m
EDN,20010616,m
EDN,20010617,m
EDN,20010618,m
EDN,20010619,m
EDN,20010620,m
EDN,20010621,m
EDN,20010622,m
EDN,20010623,m
EDN,20010624,m
EDN,20010625,m
EDN,20010626,m
EDN,20010627,m
EDN,20010628,m
EDN,20010629,m
EDN,20010630,m
EDN,20010701,m
EDN,20010702,m
EDN,20010703,m
EDN,20010704,m
EDN,20010705,m
EDN,20010706,m
EDN,20010707,m
EDN,20010708,m
EDN,20010709,m
EDN,20010710,m
EDN,20010711,m
EDN,20010712,m
EDN,20010713,m
EDN,20010714,m
EDN,20010715,m
EDN,20010716,m
EDN,20010717,m
EDN,20010718,m
EDN,20010719,m
EDN,20010720,m
EDN,20010721,m
EDN,20010722,m
EDN,20010723,m
EDN,20010724,m
EDN,20010725,m
EDN,20010726,m
EDN,20010727,m
EDN,20010728,m
EDN,20010729,m
EDN,20010730,m
EDN,20010731,m
EDN,20010801,m
EDN,20010802,m
EDN,20010803,m
EDN,20010804,m
EDN,20010805,m
EDN,20010806,m
EDN,20010807,m
EDN,20010808,m
EDN,20010809,m
EDN,20010810,m
EDN,20010811,m
EDN,20010812,m
EDN,20010813,m
EDN,20010814,m
EDN,20010815,m
EDN,20010816,m
EDN,20010817,m
EDN,20010818,m
EDN,20010819,m
EDN,20010820,m
EDN,20010821,m
EDN,20010822,m
EDN,20010823,m
EDN,20010824,m
EDN,20010825,m
EDN,20010826,m
EDN,20010827,m
EDN,20010828,m
EDN,20010829,m
EDN,20010830,m
EDN,20010831,m
EDN,20010901,m
EDN,20010902,m
EDN,20010903,m
EDN,20010904,m
EDN,20010905,m
EDN,20010906,m
EDN,20010907,m
EDN,20010908,m
EDN,20010909,m
EDN,20010910,m
EDN,20010911,m
EDN,20010912,m
EDN,20010913,m
EDN,20010914,m
EDN,20010915,m
EDN,20010916,m
EDN,20010917,m
EDN,20010918,m
EDN,20010919,m
EDN,20010920,m
EDN,20010921,m
EDN,20010922,m
EDN,20010923,m
EDN,20010924,m
EDN,20010925,m
EDN,20010926,m
EDN,20010927,m
EDN,20010928,m
EDN,20010929,m
EDN,20010930,m
EDN,20011001,m
EDN,20011002,m
EDN,20011003,m
EDN,20011004,m
EDN,20011005,m
EDN,20011006,m
EDN,20011007,m
EDN,20011008,m
EDN,20011009,m
EDN,20011010,m
EDN,20011011,m
EDN,20011012,m
EDN,20011013,m
EDN,20011014,m
EDN,20011015,m
EDN,20011016,m
EDN,20011017,m
EDN,20011018,m
EDN,20011019,m
EDN,20011020,m
EDN,20011021,m
EDN,20011022,m
EDN,20011023,m
EDN,20011024,m
EDN,20011025,m
EDN,20011026,m
EDN,20011027,m
EDN,20011028,m
EDN,20011029,m
EDN,20011030,m
EDN,20011031,m
EDN,20011101,m
EDN,20011102,m
EDN,20011103,m
EDN,20011104,m
EDN,20011105,m
EDN,20011106,m
EDN,20011107,m
EDN,20011108,m
EDN,20011109,m
EDN,20011110,m
EDN,20011111,m
EDN,20011112,m
EDN,20011113,m
EDN,20011114,m
EDN,20011115,m
EDN,20011116,m
EDN,20011117,m
EDN,20011118,m
EDN,20011119,m
EDN,20011120,m
EDN,20011121,m
EDN,20011122,m
EDN,20011123,m
EDN,20011124,m
EDN,20011125,m
EDN,20011126,m
EDN,20011127,m
EDN,20011128,m
EDN,20011129,m
EDN,20011130,m
EDN,20011201,m
EDN,20011202,m
EDN,20011203,m
EDN,20011204,m
EDN,20011205,m
EDN,20011206,m
EDN,20011207,m
EDN,20011208,m
EDN,20011209,m
EDN,20011210,m
EDN,20011211,m
EDN,20011212,m
EDN,20011213,m
EDN,20011214,m
EDN,20011215,m
EDN,20011216,m
EDN,20011217,m
EDN,20011218,m
EDN,20011219,m
EDN,20011220,m
EDN,20011221,m
EDN,20011222,m
EDN,20011223,m
EDN,20011224,m
EDN,20011225,m
EDN,20011226,m
EDN,20011227,m
EDN,20011228,m
EDN,20011229,m
EDN,20011230,m
EDN,20011231,m
EDN,20020101,m
EDN,20020102,m
EDN,20020103,m
EDN,20020104,m
EDN,20020105,m
EDN,20020106,m
EDN,20020107,m
EDN,20020108,m
EDN,20020109,m
EDN,20020110,m
EDN,20020111,m
EDN,20020112,m
EDN,20020113,m
EDN,20020114,m
EDN,20020115,m
EDN,20020116,m
EDN,20020117,m
EDN,20020118,m
EDN,20020119,m
EDN,20020120,m
EDN,20020121,m
EDN,20020122,m
EDN,20020123,m
EDN,20020124,m
EDN,20020125,m
EDN,20020126,m
EDN,20020127,m
EDN,20020128,m
EDN,20020129,m
EDN,20020130,m
EDN,20020131,m
EDN,20020201,m
EDN,20020202,m
EDN,20020203,m
EDN,20020204,m
EDN,20020205,m
EDN,20020206,m
EDN,20020207,m
EDN,20020208,m
EDN,20020209,m
EDN,20020210,m
EDN,20020211,m
EDN,20020212,m
EDN,20020213,m
EDN,20020214,m
EDN,20020215,m
EDN,20020216,m
EDN,20020217,m
EDN,20020218,m
EDN,20020219,m
EDN,20020220,m
EDN,20020221,m
EDN,20020222,m
EDN,20020223,m
EDN,20020224,m
EDN,20020225,m
EDN,20020226,m
EDN,20020227,m
EDN,20020228,m
EDN,20020301,m
EDN,20020302,m
EDN,20020303,m
EDN,20020304,m
EDN,20020305,m
EDN,20020306,m
EDN,20020307,m
EDN,20020308,m
EDN,20020309,m
EDN,20020310,m
EDN,20020311,m
EDN,20020312,m
EDN,20020313,m
EDN,20020314,m
EDN,20020315,m
EDN,20020316,m
EDN,20020317,m
EDN,20020318,m
EDN,20020319,m
EDN,20020320,m
EDN,20020321,m
EDN,20020322,m
EDN,20020323,m
EDN,20020324,m
EDN,20020325,m
EDN,20020326,m
EDN,20020327,m
EDN,20020328,m
EDN,20020329,m
EDN,20020330,m
EDN,20020331,m
EDN,20020401,m
EDN,20020402,m
EDN,20020403,m
EDN,20020404,m
EDN,20020405,m
EDN,20020406,m
EDN,20020407,m
EDN,20020408,m
EDN,20020409,m
EDN,20020410,m
EDN,20020411,m
EDN,20020412,m
EDN,20020413,m
EDN,20020414,m
EDN,20020415,m
EDN,20020416,m
EDN,20020417,m
EDN,20020418,m
EDN,20020419,m
EDN,20020420,m
EDN,20020421,m
EDN,20020422,m
EDN,20020423,m
EDN,20020424,m
EDN,20020425,m
EDN,20020426,m
EDN,20020427,m
EDN,20020428,m
EDN,20020429,m
EDN,20020430,m
EDN,20020501,m
EDN,20020502,m
EDN,20020503,m
EDN,20020504,m
EDN,20020505,m
EDN,20020506,m
EDN,20020507,m
EDN,20020508,m
EDN,20020509,m
EDN,20020510,m
EDN,20020511,m
EDN,20020512,m
EDN,20020513,m
EDN,20020514,m
EDN,20020515,m
EDN,20020516,m
EDN,20020517,m
EDN,20020518,m
EDN,20020519,m
EDN,20020520,m
EDN,20020521,m
EDN,20020522,m
EDN,20020523,m
EDN,20020524,m
EDN,20020525,m
EDN,20020526,m
EDN,20020527,m
EDN,20020528,m
EDN,20020529,m
EDN,20020530,m
EDN,20020531,m
EDN,20020601,m
EDN,20020602,m
EDN,20020603,m
EDN,20020604,m
EDN,20020605,m
EDN,20020606,m
EDN,20020607,m
EDN,20020608,m
EDN,20020609,m
EDN,20020610,m
EDN,20020611,m
EDN,20020612,m
EDN,20020613,m
EDN,20020614,m
EDN,20020615,m
EDN,20020616,m
EDN,20020617,m
EDN,20020618,m
EDN,20020619,m
EDN,20020620,m
EDN,20020621,m
EDN,20020622,m
EDN,20020623,m
EDN,20020624,m
EDN,20020625,m
EDN,20020626,m
EDN,20020627,m
EDN,20020628,m
EDN,20020629,m
EDN,20020630,m
EDN,20020701,m
EDN,20020702,m
EDN,20020703,m
EDN,20020704,m
EDN,20020705,m
EDN,20020706,m
EDN,20020707,m
EDN,20020708,m
EDN,20020709,m
EDN,20020710,m
EDN,20020711,m
EDN,20020712,m
EDN,20020713,m
EDN,20020714,m
EDN,20020715,m
EDN,20020716,m
EDN,20020717,m
EDN,20020718,m
EDN,20020719,m
EDN,20020720,m
EDN,20020721,m
EDN,20020722,m
EDN,20020723,m
EDN,20020724,m
EDN,20020725,m
EDN,20020726,m
EDN,20020727,m
EDN,20020728,m
EDN,20020729,m
EDN,20020730,m
EDN,20020731,m
EDN,20020801,17543
EDN,20020802,m
EDN,20020803,m
EDN,20020804,m
EDN,20020805,m
EDN,20020806,m
EDN,20020807,m
EDN,20020808,m
EDN,20020809,m
EDN,20020810,m
EDN,20020811,m
EDN,20020812,m
EDN,20020813,m
EDN,20020814,m
EDN,20020815,m
EDN,20020816,m
EDN,20020817,m
EDN,20020818,m
EDN,20020819,m
EDN,20020820,m
EDN,20020821,m
EDN,20020822,m
EDN,20020823,m
EDN,20020824,m
EDN,20020825,m
EDN,20020826,m
EDN,20020827,m
EDN,20020828,m
EDN,20020829,m
EDN,20020830,m
EDN,20020831,m
EDN,20020901,m
EDN,20020902,m
EDN,20020903,m
EDN,20020904,m
EDN,20020905,m
EDN,20020906,m
EDN,20020907,m
EDN,20020908,m
EDN,20020909,m
EDN,20020910,m
EDN,20020911,m
EDN,20020912,m
EDN,20020913,m
EDN,20020914,m
EDN,20020915,m
EDN,20020916,m
EDN,20020917,m
EDN,20020918,m
EDN,20020919,m
EDN,20020920,m
EDN,20020921,m
EDN,20020922,m
EDN,20020923,m
EDN,20020924,m
EDN,20020925,m
EDN,20020926,m
EDN,20020927,m
EDN,20020928,m
EDN,20020929,m
EDN,20020930,m
EDN,20021001,m
EDN,20021002,m
EDN,20021003,m
EDN,20021004,m
EDN,20021005,m
EDN,20021006,m
EDN,20021007,m
EDN,20021008,m
EDN,20021009,m
EDN,20021010,m
EDN,20021011,m
EDN,20021012,m
EDN,20021013,m
EDN,20021014,m
EDN,20021015,m
EDN,20021016,m
EDN,20021017,m
EDN,20021018,m
EDN,20021019,m
EDN,20021020,m
EDN,20021021,m
EDN,20021022,m
EDN,20021023,m
EDN,20021024,m
EDN,20021025,m
EDN,20021026,m
EDN,20021027,m
EDN,20021028,m
EDN,20021029,m
EDN,20021030,m
EDN,20021031,m
EDN,20021101,m
EDN,20021102,m
EDN,20021103,m
EDN,20021104,m
EDN,20021105,m
EDN,20021106,m
EDN,20021107,m
EDN,20021108,m
EDN,20021109,m
EDN,20021110,m
EDN,20021111,m
EDN,20021112,m
EDN,20021113,m
EDN,20021114,m
EDN,20021115,m
EDN,20021116,m
EDN,20021117,m
EDN,20021118,m
EDN,20021119,m
EDN,20021120,m
EDN,20021121,m
EDN,20021122,m
EDN,20021123,m
EDN,20021124,m
EDN,20021125,m
EDN,20021126,m
EDN,20021127,m
EDN,20021128,m
EDN,20021129,m
EDN,20021130,m
EDN,20021201,m
EDN,20021202,m
EDN,20021203,m
EDN,20021204,m
EDN,20021205,m
EDN,20021206,m
EDN,20021207,m
EDN,20021208,m
EDN,20021209,m
EDN,20021210,m
EDN,20021211,m
EDN,20021212,m
EDN,20021213,m
EDN,20021214,m
EDN,20021215,m
EDN,20021216,m
EDN,20021217,m
EDN,20021218,m
EDN,20021219,m
EDN,20021220,m
EDN,20021221,m
EDN,20021222,m
EDN,20021223,m
EDN,20021224,m
EDN,20021225,m
EDN,20021226,m
EDN,20021227,m
EDN,20021228,m
EDN,20021229,m
EDN,20021230,m
EDN,20021231,m
EDN,20030101,m
EDN,20030102,m
EDN,20030103,m
EDN,20030104,m
EDN,20030105,m
EDN,20030106,m
EDN,20030107,m
EDN,20030108,m
EDN,20030109,m
EDN,20030110,m
EDN,20030111,m
EDN,20030112,m
EDN,20030113,m
EDN,20030114,m
EDN,20030115,m
EDN,20030116,m
EDN,20030117,m
EDN,20030118,m
EDN,20030119,m
EDN,20030120,m
EDN,20030121,m
EDN,20030122,m
EDN,20030123,m
EDN,20030124,m
EDN,20030125,m
EDN,20030126,m
EDN,20030127,m
EDN,20030128,m
EDN,20030129,m
EDN,20030130,m
EDN,20030131,m
EDN,20030201,m
EDN,20030202,m
EDN,20030203,m
EDN,20030204,m
EDN,20030205,m
EDN,20030206,m
EDN,20030207,m
EDN,20030208,m
EDN,20030209,m
EDN,20030210,m
EDN,20030211,m
EDN,20030212,m
EDN,20030213,m
EDN,20030214,m
EDN,20030215,m
EDN,20030216,m
EDN,20030217,m
EDN,20030218,m
EDN,20030219,m
EDN,20030220,m
EDN,20030221,m
EDN,20030222,m
EDN,20030223,m
EDN,20030224,m
EDN,20030225,m
EDN,20030226,m
EDN,20030227,m
EDN,20030228,m
EDN,20030301,m
EDN,20030302,m
EDN,20030303,m
EDN,20030304,m
EDN,20030305,m
EDN,20030306,m
EDN,20030307,m
EDN,20030308,m
EDN,20030309,m
EDN,20030310,m
EDN,20030311,m
EDN,20030312,m
EDN,20030313,m
EDN,20030314,m
EDN,20030315,m
EDN,20030316,m
EDN,20030317,m
EDN,20030318,m
EDN,20030319,m
EDN,20030320,m
EDN,20030321,m
EDN,20030322,m
EDN,20030323,m
EDN,20030324,m
EDN,20030325,m
EDN,20030326,m
EDN,20030327,m
EDN,20030328,m
EDN,20030329,m
EDN,20030330,m
EDN,20030331,m
EDN,20030401,m
EDN,20030402,m
EDN,20030403,m
EDN,20030404,m
EDN,20030405,m
EDN,20030406,m
EDN,20030407,m
EDN,20030408,m
EDN,20030409,m
EDN,20030410,m
EDN,20030411,m
EDN,20030412,m
EDN,20030413,m
EDN,20030414,m
EDN,20030415,m
EDN,20030416,m
EDN,20030417,m
EDN,20030418,m
EDN,20030419,m
EDN,20030420,m
EDN,20030421,m
EDN,20030422,m
EDN,20030423,m
EDN,20030424,m
EDN,20030425,m
EDN,20030426,m
EDN,20030427,m
EDN,20030428,m
EDN,20030429,m
EDN,20030430,m
EDN,20030501,m
EDN,20030502,m
EDN,20030503,m
EDN,20030504,m
EDN,20030505,m
EDN,20030506,m
EDN,20030507,m
EDN,20030508,m
EDN,20030509,m
EDN,20030510,m
EDN,20030511,m
EDN,20030512,m
EDN,20030513,m
EDN,20030514,m
EDN,20030515,m
EDN,20030516,m
EDN,20030517,m
EDN,20030518,m
EDN,20030519,m
EDN,20030520,m
EDN,20030521,m
EDN,20030522,m
EDN,20030523,m
EDN,20030524,m
EDN,20030525,m
EDN,20030526,m
EDN,20030527,m
EDN,20030528,m
EDN,20030529,m
EDN,20030530,m
EDN,20030531,m
EDN,20030601,m
EDN,20030602,m
EDN,20030603,m
EDN,20030604,m
EDN,20030605,m
EDN,20030606,m
EDN,20030607,m
EDN,20030608,m
EDN,20030609,m
EDN,20030610,m
EDN,20030611,m
EDN,20030612,m
EDN,20030613,m
EDN,20030614,m
EDN,20030615,m
EDN,20030616,m
EDN,20030617,m
EDN,20030618,m
EDN,20030619,m
EDN,20030620,m
EDN,20030621,m
EDN,20030622,m
EDN,20030623,m
EDN,20030624,m
EDN,20030625,m
EDN,20030626,m
EDN,20030627,m
EDN,20030628,m
EDN,20030629,m
EDN,20030630,m
EDN,20030701,m
EDN,20030702,m
EDN,20030703,m
EDN,20030704,m
EDN,20030705,m
EDN,20030706,m
EDN,20030707,m
EDN,20030708,m
EDN,20030709,m
EDN,20030710,m
EDN,20030711,m
EDN,20030712,m
EDN,20030713,m
EDN,20030714,m
EDN,20030715,m
EDN,20030716,m
EDN,20030717,m
EDN,20030718,m
EDN,20030719,m
EDN,20030720,m
EDN,20030721,m
EDN,20030722,m
EDN,20030723,m
EDN,20030724,m
EDN,20030725,m
EDN,20030726,m
EDN,20030727,m
EDN,20030728,m
EDN,20030729,m
EDN,20030730,m
EDN,20030731,m
EDN,20030801,m
EDN,20030802,m
EDN,20030803,m
EDN,20030804,m
EDN,20030805,m
EDN,20030806,m
EDN,20030807,m
EDN,20030808,m
EDN,20030809,m
EDN,20030810,m
EDN,20030811,m
EDN,20030812,m
EDN,20030813,m
EDN,20030814,m
EDN,20030815,m
EDN,20030816,m
EDN,20030817,m
EDN,20030818,m
EDN,20030819,m
EDN,20030820,m
EDN,20030821,m
EDN,20030822,m
EDN,20030823,m
EDN,20030824,m
EDN,20030825,m
EDN,20030826,m
EDN,20030827,m
EDN,20030828,m
EDN,20030829,m
EDN,20030830,m
EDN,20030831,m
EDN,20030901,m
EDN,20030902,m
EDN,20030903,m
EDN,20030904,m
EDN,20030905,m
EDN,20030906,m
EDN,20030907,m
EDN,20030908,m
EDN,20030909,m
EDN,20030910,m
EDN,20030911,m
EDN,20030912,m
EDN,20030913,m
EDN,20030914,m
EDN,20030915,m
EDN,20030916,m
EDN,20030917,m
EDN,20030918,m
EDN,20030919,m
EDN,20030920,m
EDN,20030921,m
EDN,20030922,m
EDN,20030923,m
EDN,20030924,m
EDN,20030925,m
EDN,20030926,m
EDN,20030927,m
EDN,20030928,m
EDN,20030929,m
EDN,20030930,m
EDN,20031001,m
EDN,20031002,m
EDN,20031003,m
EDN,20031004,m
EDN,20031005,m
EDN,20031006,m
EDN,20031007,m
EDN,20031008,m
EDN,20031009,m
EDN,20031010,m
EDN,20031011,m
EDN,20031012,m
EDN,20031013,m
EDN,20031014,m
EDN,20031015,m
EDN,20031016,m
EDN,20031017,m
EDN,20031018,m
EDN,20031019,m
EDN,20031020,m
EDN,20031021,m
EDN,20031022,m
EDN,20031023,m
EDN,20031024,m
EDN,20031025,m
EDN,20031026,m
EDN,20031027,m
EDN,20031028,m
EDN,20031029,m
EDN,20031030,m
EDN,20031031,m
EDN,20031101,m
EDN,20031102,m
EDN,20031103,m
EDN,20031104,m
EDN,20031105,m
EDN,20031106,m
EDN,20031107,m
EDN,20031108,m
EDN,20031109,m
EDN,20031110,m
EDN,20031111,m
EDN,20031112,m
EDN,20031113,m
EDN,20031114,m
EDN,20031115,m
EDN,20031116,m
EDN,20031117,m
EDN,20031118,m
EDN,20031119,m
EDN,20031120,m
EDN,20031121,m
EDN,20031122,m
EDN,20031123,m
EDN,20031124,m
EDN,20031125,m
EDN,20031126,m
EDN,20031127,m
EDN,20031128,m
EDN,20031129,m
EDN,20031130,m
EDN,20031201,m
EDN,20031202,m
EDN,20031203,m
EDN,20031204,m
EDN,20031205,m
EDN,20031206,m
EDN,20031207,m
EDN,20031208,m
EDN,20031209,m
EDN,20031210,m
EDN,20031211,m
EDN,20031212,m
EDN,20031213,m
EDN,20031214,m
EDN,20031215,m
EDN,20031216,m
EDN,20031217,m
EDN,20031218,m
EDN,20031219,m
EDN,20031220,m
EDN,20031221,m
EDN,20031222,m
EDN,20031223,m
EDN,20031224,m
EDN,20031225,m
EDN,20031226,m
EDN,20031227,m
EDN,20031228,m
EDN,20031229,m
EDN,20031230,m
EDN,20031231,m
EDN,20040101,m
EDN,20040102,m
EDN,20040103,m
EDN,20040104,m
EDN,20040105,m
EDN,20040106,m
EDN,20040107,m
EDN,20040108,m
EDN,20040109,m
EDN,20040110,m
EDN,20040111,m
EDN,20040112,m
EDN,20040113,m
EDN,20040114,m
EDN,20040115,m
EDN,20040116,m
EDN,20040117,m
EDN,20040118,m
EDN,20040119,m
EDN,20040120,m
EDN,20040121,m
EDN,20040122,m
EDN,20040123,m
EDN,20040124,m
EDN,20040125,m
EDN,20040126,m
EDN,20040127,m
EDN,20040128,m
EDN,20040129,m
EDN,20040130,m
EDN,20040131,m
EDN,20040201,m
EDN,20040202,m
EDN,20040203,m
EDN,20040204,m
EDN,20040205,m
EDN,20040206,m
EDN,20040207,m
EDN,20040208,m
EDN,20040209,m
EDN,20040210,m
EDN,20040211,m
EDN,20040212,m
EDN,20040213,m
EDN,20040214,m
EDN,20040215,m
EDN,20040216,m
EDN,20040217,m
EDN,20040218,m
EDN,20040219,m
EDN,20040220,m
EDN,20040221,m
EDN,20040222,m
EDN,20040223,m
EDN,20040224,m
EDN,20040225,m
EDN,20040226,m
EDN,20040227,m
EDN,20040228,m
EDN,20040229,m
EDN,20040301,m
EDN,20040302,m
EDN,20040303,m
EDN,20040304,m
EDN,20040305,m
EDN,20040306,m
EDN,20040307,m
EDN,20040308,m
EDN,20040309,m
EDN,20040310,m
EDN,20040311,m
EDN,20040312,m
EDN,20040313,m
EDN,20040314,m
EDN,20040315,m
EDN,20040316,m
EDN,20040317,m
EDN,20040318,m
EDN,20040319,m
EDN,20040320,m
EDN,20040321,m
EDN,20040322,m
EDN,20040323,m
EDN,20040324,m
EDN,20040325,m
EDN,20040326,m
EDN,20040327,m
EDN,20040328,m
EDN,20040329,m
EDN,20040330,m
EDN,20040331,m
EDN,20040401,m
EDN,20040402,m
EDN,20040403,m
EDN,20040404,m
EDN,20040405,m
EDN,20040406,m
EDN,20040407,m
EDN,20040408,m
EDN,20040409,m
EDN,20040410,m
EDN,20040411,m
EDN,20040412,m
EDN,20040413,m
EDN,20040414,m
EDN,20040415,m
EDN,20040416,m
EDN,20040417,m
EDN,20040418,m
EDN,20040419,m
EDN,20040420,m
EDN,20040421,m
EDN,20040422,m
EDN,20040423,m
EDN,20040424,m
EDN,20040425,m
EDN,20040426,m
EDN,20040427,m
EDN,20040428,m
EDN,20040429,m
EDN,20040430,m
EDN,20040501,m
EDN,20040502,m
EDN,20040503,m
EDN,20040504,m
EDN,20040505,m
EDN,20040506,m
EDN,20040507,m
EDN,20040508,m
EDN,20040509,m
EDN,20040510,m
EDN,20040511,m
EDN,20040512,m
EDN,20040513,m
EDN,20040514,m
EDN,20040515,m
EDN,20040516,m
EDN,20040517,m
EDN,20040518,m
EDN,20040519,m
EDN,20040520,m
EDN,20040521,m
EDN,20040522,m
EDN,20040523,m
EDN,20040524,m
EDN,20040525,m
EDN,20040526,m
EDN,20040527,m
EDN,20040528,m
EDN,20040529,m
EDN,20040530,m
EDN,20040531,m
EDN,20040601,m
EDN,20040602,m
EDN,20040603,m
EDN,20040604,m
EDN,20040605,m
EDN,20040606,m
EDN,20040607,m
EDN,20040608,m
EDN,20040609,m
EDN,20040610,m
EDN,20040611,m
EDN,20040612,m
EDN,20040613,m
EDN,20040614,m
EDN,20040615,m
EDN,20040616,m
EDN,20040617,m
EDN,20040618,m
EDN,20040619,m
EDN,20040620,m
EDN,20040621,m
EDN,20040622,m
EDN,20040623,m
EDN,20040624,m
EDN,20040625,m
EDN,20040626,m
EDN,20040627,m
EDN,20040628,m
EDN,20040629,m
EDN,20040630,m
EDN,20040701,m
EDN,20040702,m
EDN,20040703,m
EDN,20040704,m
EDN,20040705,m
EDN,20040706,m
EDN,20040707,m
EDN,20040708,m
EDN,20040709,m
EDN,20040710,m
EDN,20040711,m
EDN,20040712,m
EDN,20040713,m
EDN,20040714,m
EDN,20040715,m
EDN,20040716,m
EDN,20040717,m
EDN,20040718,m
EDN,20040719,m
EDN,20040720,m
EDN,20040721,m
EDN,20040722,m
EDN,20040723,m
EDN,20040724,m
EDN,20040725,m
EDN,20040726,m
EDN,20040727,m
EDN,20040728,m
EDN,20040729,m
EDN,20040730,m
EDN,20040731,m